name,id,className,slotcleaned,costumeTags,previewUrl
Valkyrie Circlet,5909,costume costume-5909,Top,,
Fluttering Butterfly,5914,costume costume-5914,Lower,Yellow,https://res.cloudinary.com/cloudcat369/video/upload/v1650579280/Unsorted/5914_f8ck7z.mp4
Angel Fluttering,5979,costume costume-5979,Lower,White,https://res.cloudinary.com/cloudcat369/video/upload/v1650579280/Unsorted/5979_ig8vt7.mp4
Hair of The Strong,18740,costume costume-18740,Top,Gold,https://res.cloudinary.com/cloudcat369/video/upload/v1650579249/Unsorted/18740_ylhooe.mp4
Will O Wisp,18741,costume costume-18741,Top,Green,https://res.cloudinary.com/cloudcat369/video/upload/v1650579248/Unsorted/18741_vps16b.mp4
Moon and Stars,18742,costume costume-18742,Middle,White Yellow,https://res.cloudinary.com/cloudcat369/video/upload/v1650579250/Unsorted/18742_yiwjcm.mp4
Spirit Of Chung E,18743,costume costume-18743,Top,Grey,https://res.cloudinary.com/cloudcat369/video/upload/v1650579249/Unsorted/18743_kol4eu.mp4
World Star,18744,costume costume-18744,Middle,White,https://res.cloudinary.com/cloudcat369/video/upload/v1650579248/Unsorted/18744_frfs2o.mp4
GeminiS58 Eyes Blue,19158,costume costume-19158,Middle,Blue,https://res.cloudinary.com/cloudcat369/video/upload/v1650579248/Unsorted/19158_xmhjsp.mp4
Moon Eyepatch,19289,costume costume-19289,Middle,,
Valkyrie Feather Band,19506,costume costume-19506,Top,,
Clear Sun,19507,costume costume-19507,Top,,
Gemmed Sallet,19508,costume costume-19508,Top,,
Butterfly Wing Ears,19509,costume costume-19509,Middle,,
Charlies Beard,19514,costume costume-19514,Lower,,
Rainbow,19518,costume costume-19518,Top,Rainbow,https://res.cloudinary.com/cloudcat369/video/upload/v1650579255/Unsorted/19518_yqseoa.mp4
Thunderstorm Cloud,19519,costume costume-19519,Top,,
Rain Cloud,19520,costume costume-19520,Top,Grey,https://res.cloudinary.com/cloudcat369/video/upload/v1650579255/Unsorted/19520_es2rid.mp4
Charlies Hat,19521,costume costume-19521,Top,,
Mini Crown,19522,costume costume-19522,Top,,
Green Feeler,19524,costume costume-19524,Top,Green,https://res.cloudinary.com/cloudcat369/video/upload/v1650579255/Unsorted/19524_b99p17.mp4
Jack A Dandy,19525,costume costume-19525,Top,,
Spiky Band,19527,costume costume-19527,Top,White,https://res.cloudinary.com/cloudcat369/video/upload/v1650579255/Unsorted/19527_ssxgm9.mp4
Angel Wing,19529,costume costume-19529,Top,,
Cube Mask,19531,costume costume-19531,Middle+Lower,Black Red,https://res.cloudinary.com/cloudcat369/video/upload/v1650579256/Unsorted/19531_hsyegy.mp4
Thanatos Despero Mask,19534,costume costume-19534,Middle+Lower,,
Sinsuncho Hat,19535,costume costume-19535,Top,,
Gryphon Hat,19537,costume costume-19537,Top,,
Full Moon,19538,costume costume-19538,Top,,
Hairband Of Reginleif,19539,costume costume-19539,Top,,
Romantic White Flower,19541,costume costume-19541,Lower,,
Devil Whisper,19542,costume costume-19542,Middle,,
Tare Neko Cru,19544,costume costume-19544,Top,,
Boys Cap,19545,costume costume-19545,Top,,
Valkyrie Helm,19546,costume costume-19546,Top,,
Frog Cap,19548,costume costume-19548,Top,,
Blush,19550,costume costume-19550,Middle,,
Elven Ears,19551,costume costume-19551,Middle,,
Assassin Mask,19553,costume costume-19553,Lower,Purple,https://res.cloudinary.com/cloudcat369/video/upload/v1650579258/Unsorted/19553_qfq4ct.mp4
Crescent Moon Helm,19555,costume costume-19555,Top+Middle,,
Ayothaya Hat,19557,costume costume-19557,Top,,
Hatta Black,19567,costume costume-19567,Top+Middle+Lower,Gold,https://res.cloudinary.com/cloudcat369/video/upload/v1650579261/Unsorted/19567_xlkwgy.mp4
Ancient Horns,19568,costume costume-19568,Top,Brown,https://res.cloudinary.com/cloudcat369/video/upload/v1650579262/Unsorted/19568_gwsfgx.mp4
Ascension Black Dragon,19575,costume costume-19575,Top,,
Googles,19578,costume costume-19578,Top+Middle,Yellow,https://res.cloudinary.com/cloudcat369/video/upload/v1650579262/Unsorted/19578_j8ed9h.mp4
Adventurer's Hat,19581,costume costume-19581,Top,,
Zorro Mask,19583,costume costume-19583,Middle,,
Feather Beret,19585,costume costume-19585,Top,Blue,https://res.cloudinary.com/cloudcat369/video/upload/v1650579262/Unsorted/19585_ibx8ho.mp4
Cat Hat,19588,costume costume-19588,Top,,
Fallen Angel Lost,19589,costume costume-19589,Top,,
Hibiscus,19592,costume costume-19592,Top,Orange,https://res.cloudinary.com/cloudcat369/video/upload/v1650579264/Unsorted/19592_nyun84.mp4
Magic Eyes,19597,costume costume-19597,Middle,,
Wandering Wolf Hat,19598,costume costume-19598,Top,Blue,https://res.cloudinary.com/cloudcat369/video/upload/v1650579265/Unsorted/19598_gscsjc.mp4
Imp Hat,19599,costume costume-19599,Top,,
Drooping Kiehl,19600,costume costume-19600,Top,,
Invisible Cap,19602,costume costume-19602,Top,,
Gang Scarf,19605,costume costume-19605,Lower,,
Love Chick Hat,19607,costume costume-19607,Top,Red,https://res.cloudinary.com/cloudcat369/video/upload/v1650579268/Unsorted/19607_eb6ptj.mp4
Red Glasses,19609,costume costume-19609,Middle,Red,https://res.cloudinary.com/cloudcat369/video/upload/v1650579267/Unsorted/19609_og84t6.mp4
Super Novice Hat,19614,costume costume-19614,Top,,
Wickebine's Black Cat Ears,19616,costume costume-19616,Top,Brown,https://res.cloudinary.com/cloudcat369/video/upload/v1650579268/Unsorted/19616_uwxaso.mp4
Kitsune Mask,19618,costume costume-19618,Top,Yellow,https://res.cloudinary.com/cloudcat369/video/upload/v1650579268/Unsorted/19618_bdv6sv.mp4
Detective Hat,19620,costume costume-19620,Top,Brown,https://res.cloudinary.com/cloudcat369/video/upload/v1650579270/Unsorted/19620_aqvcx6.mp4
Evil Wing Ear,19621,costume costume-19621,Middle,,
Bijofnil Wings,19623,costume costume-19623,Top,,
Satellite Hairband,19627,costume costume-19627,Top,,
Tiara,19629,costume costume-19629,Top,,
Crown,19630,costume costume-19630,Top,,
Poring Fedora Hat,19631,costume costume-19631,Top,Pink Gold,https://res.cloudinary.com/cloudcat369/video/upload/v1650579271/Unsorted/19631_muzm2d.mp4
Clown Nose,19636,costume costume-19636,Lower,,
Nurse Cap,19637,costume costume-19637,Top,,
Sakkat,19639,costume costume-19639,Top,,
Charming Ribbon,19640,costume costume-19640,Top,,
Moonlight Flower Hat,19642,costume costume-19642,Top+Middle,Yellow,https://res.cloudinary.com/cloudcat369/video/upload/v1650579272/Unsorted/19642_pwmzmf.mp4
Takius Blindfold,19644,costume costume-19644,Middle,,
Autumn Leaves,19648,costume costume-19648,Top,,
White Baby Cat Ears,19649,costume costume-19649,Top,,
Marcher Hat,19653,costume costume-19653,Top,,
Ship Captain Hat,19654,costume costume-19654,Top,,
Tiraya Bonnet,19655,costume costume-19655,Top,,
Wandering Minstrel Hat,19656,costume costume-19656,Top,,
Captain Hat,19657,costume costume-19657,Top,Brown,https://res.cloudinary.com/cloudcat369/video/upload/v1650579272/Unsorted/19657_y7lape.mp4
Magician Hat,19662,costume costume-19662,Top,Brown,https://res.cloudinary.com/cloudcat369/video/upload/v1650579272/Unsorted/19662_lcsydf.mp4
Campus Festival,19664,costume costume-19664,Top,,
Cookie Hat,19666,costume costume-19666,Top,,
Dragon Helm,19667,costume costume-19667,Top,Blue Red,https://res.cloudinary.com/cloudcat369/video/upload/v1650579274/Unsorted/19667_in2gfi.mp4
Wind Milestone,19668,costume costume-19668,Top,,
Southern Cross,19670,costume costume-19670,Top,Blue,https://res.cloudinary.com/cloudcat369/video/upload/v1650579276/Unsorted/19670_cjuowa.mp4
Poring Letter,19672,costume costume-19672,Lower,Yellow Red,https://res.cloudinary.com/cloudcat369/video/upload/v1650579276/Unsorted/19672_sq70cl.mp4
Soulless Wing,19677,costume costume-19677,Top,White Orange,https://res.cloudinary.com/cloudcat369/video/upload/v1650579280/Unsorted/19677_twgbc2.mp4
Bell Ribbon,19678,costume costume-19678,Top,Red Gold,https://res.cloudinary.com/cloudcat369/video/upload/v1650579278/Unsorted/19678_q9ezrh.mp4
Silver Tiara,19681,costume costume-19681,Top,,
Shining Santa Poring,19685,costume costume-19685,Top,,
Santa Doll Headband,19686,costume costume-19686,Top,Red White,https://res.cloudinary.com/cloudcat369/video/upload/v1650579278/Unsorted/19686_nboppb.mp4
Katusa,19688,costume costume-19688,Top,,
Ati Atihan,19689,costume costume-19689,Top+Middle+Lower,,
Dark Snake Lord Hat,19690,costume costume-19690,Top,,
Blue Ribbon,19691,costume costume-19691,Top,,
Antique Pipe,19692,costume costume-19692,Lower,,
Vane Hairpin,19694,costume costume-19694,Top,,
Red Bonnet,19701,costume costume-19701,Top,Red White,https://res.cloudinary.com/cloudcat369/video/upload/v1650579279/Unsorted/19701_awzo0a.mp4
Polar Bear Cap,19707,costume costume-19707,Top,,
White Snake Hat,19708,costume costume-19708,Top,,
Yellow Ribbon,19709,costume costume-19709,Top,,
Lucky Clover,19713,costume costume-19713,Lower,,
Gothic Headdress,19718,costume costume-19718,Top,,
Darkness Helm,19721,costume costume-19721,Top,,
Black Glasses,19722,costume costume-19722,Middle,Black,https://res.cloudinary.com/cloudcat369/video/upload/v1650579282/Unsorted/19722_rc9kem.mp4
Sacred Torch Coronet,19723,costume costume-19723,Top,Orange,https://res.cloudinary.com/cloudcat369/video/upload/v1650579280/Unsorted/19723_a1rzfn.mp4
Scarlet Rose,19726,costume costume-19726,Lower,,
Panda Cap,19733,costume costume-19733,Top,,
Binoculars,19734,costume costume-19734,Middle,Grey,https://res.cloudinary.com/cloudcat369/video/upload/v1650579280/Unsorted/19734_nqra8d.mp4
Gas Mask,19736,costume costume-19736,Middle+Lower,,
Refined Corsair,19737,costume costume-19737,Top,,
Majestic Devil Horns,19741,costume costume-19741,Top,Brown,https://res.cloudinary.com/cloudcat369/video/upload/v1650579280/Unsorted/19741_zsrg00.mp4
Small Golden Wings,19742,costume costume-19742,Middle,,
Anubis Helm,19743,costume costume-19743,Top,,
Executioner Hood,19746,costume costume-19746,Top+Middle+Lower,,
Gold Spirit Chain,19749,costume costume-19749,Top,,
Saint Frill Ribbon,19750,costume costume-19750,Top,,
Light Darkness Crown,19751,costume costume-19751,Top,,
Celestial Hat,19753,costume costume-19753,Top,,
Good Wedding Veil,19754,costume costume-19754,Top+Middle,White,https://res.cloudinary.com/cloudcat369/video/upload/v1650579281/Unsorted/19754_wdgdcy.mp4
YinYang Earring,19755,costume costume-19755,Middle,,
Holy Mom Love,19756,costume costume-19756,Top+Middle,,
Frog King Hat,19758,costume costume-19758,Top,Green Gold,https://res.cloudinary.com/cloudcat369/video/upload/v1650579280/Unsorted/19758_tupi9w.mp4
Rainbow Veil,19760,costume costume-19760,Top+Middle,White,https://res.cloudinary.com/cloudcat369/video/upload/v1650579280/Unsorted/19760_g7lyhl.mp4
White Lily,19761,costume costume-19761,Top,,
Wing Angels Ears,19765,costume costume-19765,Middle,,
Home Cherry Blossom,19767,costume costume-19767,Top,,
Sakura Coronet,19768,costume costume-19768,Top,,
Elf Ears,19769,costume costume-19769,Middle,,
Honeybee Hat,19772,costume costume-19772,Top,,
Dokebi Hat,19775,costume costume-19775,Top,,
Tomboy Fairy,19776,costume costume-19776,Middle,,
Persika,19779,costume costume-19779,Top,Pink Green,https://res.cloudinary.com/cloudcat369/video/upload/v1650579281/Unsorted/19779_irwogr.mp4
Crunch Toast,19785,costume costume-19785,Lower,,
Devoted Eyes,19787,costume costume-19787,Middle,Blue Red,https://res.cloudinary.com/cloudcat369/video/upload/v1650579281/Unsorted/19787_tjghiz.mp4
Poker Face,19792,costume costume-19792,Middle+Lower,Yellow,https://res.cloudinary.com/cloudcat369/video/upload/v1650579281/Unsorted/19792_c6459u.mp4
Surprised Mask,19793,costume costume-19793,Middle+Lower,,
Grand Circlet,19795,costume costume-19795,Top,,
Apple of Archer,19797,costume costume-19797,Top,,
Golden Gear,19799,costume costume-19799,Top,,
Carnation Headband,19800,costume costume-19800,Top,,
Lazy Ninetail,19802,costume costume-19802,Top,,
Bloom Hairpin,19806,costume costume-19806,Top,Pink,https://res.cloudinary.com/cloudcat369/video/upload/v1650579281/Unsorted/19806_j9tv3p.mp4
Majestic Helm,19807,costume costume-19807,Top,,
Blazing Sun,19808,costume costume-19808,Top,,
Ifrit Ear,19810,costume costume-19810,Middle,Red,https://res.cloudinary.com/cloudcat369/video/upload/v1650579281/Unsorted/19810_zisiyp.mp4
Beer Hat,19811,costume costume-19811,Top,,
Big Hibiscus,19812,costume costume-19812,Top,,
Shiny Wig,19814,costume costume-19814,Top,Orange,https://res.cloudinary.com/cloudcat369/video/upload/v1650579282/Unsorted/19814_nk8gvy.mp4
Lolita Ten Gallon Hat,19815,costume costume-19815,Top,,
Pecopeco Cap,19816,costume costume-19816,Top,,
Ifrits Breath,19817,costume costume-19817,Lower,Red,https://res.cloudinary.com/cloudcat369/video/upload/v1650579284/Unsorted/19817_npnenx.mp4
Hyegun Hat,19821,costume costume-19821,Top+Middle+Lower,Brown Yellow,https://res.cloudinary.com/cloudcat369/video/upload/v1650579281/Unsorted/19821_swfkmm.mp4
Evil Druid Hat,19824,costume costume-19824,Top,,
Ice Wing Ear,19826,costume costume-19826,Middle,,
Amistr,19827,costume costume-19827,Top,,
Bucket Hat,19828,costume costume-19828,Top,Brown,https://res.cloudinary.com/cloudcat369/video/upload/v1650579282/Unsorted/19828_de8nbz.mp4
Sunglasses,19830,costume costume-19830,Middle,,
Poring Hat,19832,costume costume-19832,Top,,
Fillet,19833,costume costume-19833,Top,,
Baseball Cap,19834,costume costume-19834,Top,,
Majestic Goat,19836,costume costume-19836,Top,,
Dragon Helm Copper,19841,costume costume-19841,Top,,
Turban,19844,costume costume-19844,Top,,
Bao Bao,19845,costume costume-19845,Top,,
Big Ribbon,19847,costume costume-19847,Top,,
Bongun Hat,19850,costume costume-19850,Top+Middle+Lower,Blue Yellow,https://res.cloudinary.com/cloudcat369/video/upload/v1650579282/Unsorted/19850_wd1pwb.mp4
Teddybear Hat,19851,costume costume-19851,Top,,
Galapago Cap,19852,costume costume-19852,Top,,
Filir Wings,19853,costume costume-19853,Middle,Blue Yellow,https://res.cloudinary.com/cloudcat369/video/upload/v1650579282/Unsorted/19853_vlt8tc.mp4
Black Cat Ears,19854,costume costume-19854,Top,,
Flying Angel,19859,costume costume-19859,Top,,
Heart Hairpin,19861,costume costume-19861,Top,,
Succubus Horn,19862,costume costume-19862,Top,,
Incubus Horn,19863,costume costume-19863,Top,Brown,https://res.cloudinary.com/cloudcat369/video/upload/v1650579282/Unsorted/19863_cfcj54.mp4
Carnival Hat,19873,costume costume-19873,Top,,
Eyes Of Darkness,19877,costume costume-19877,Middle,,
Black Bunny Band,19879,costume costume-19879,Top,,
Gold Tiara,19880,costume costume-19880,Top,,
Flowerpot Mask,19882,costume costume-19882,Middle+Lower,,
Vanargand Helm,19884,costume costume-19884,Top,White,https://res.cloudinary.com/cloudcat369/video/upload/v1650579283/Unsorted/19884_nupsae.mp4
Blinker,19885,costume costume-19885,Middle,,
Small Ribbons,19889,costume costume-19889,Middle,,
Shrine Maiden Hat,19894,costume costume-19894,Top,,
Cigarette,19902,costume costume-19902,Lower,,
Witch's Hat,19903,costume costume-19903,Top,,
Secret Society Hood,19905,costume costume-19905,Top+Middle+Lower,Grey,https://res.cloudinary.com/cloudcat369/video/upload/v1650579282/Unsorted/19905_xdcwue.mp4
Screw stuck in head,19906,costume costume-19906,Middle,,
Halloween Hat,19910,costume costume-19910,Top,,
Cat eye,19912,costume costume-19912,Middle,,
Tarlock's Hat,19914,costume costume-19914,Top,Blue,https://res.cloudinary.com/cloudcat369/video/upload/v1650579283/Unsorted/19914_giejh4.mp4
Black Cat Hat,19916,costume costume-19916,Top,,
Noahs Hat,19922,costume costume-19922,Top+Middle+Lower,,
Monocle,19925,costume costume-19925,Middle,,
Gothic Heart Wing,19928,costume costume-19928,Top+Middle,,
Classical Ribbon,19929,costume costume-19929,Top,Black,https://res.cloudinary.com/cloudcat369/video/upload/v1650579283/Unsorted/19929_j0qpl5.mp4
Model Training Hat,19932,costume costume-19932,Top,Brown Red,https://res.cloudinary.com/cloudcat369/video/upload/v1650579283/Unsorted/19932_blri8i.mp4
Flaming Ten Gallon Hat,19934,costume costume-19934,Top,Red Orange,https://res.cloudinary.com/cloudcat369/video/upload/v1650579283/Unsorted/19934_ky5hae.mp4
Hunting Cap Of Gust,19935,costume costume-19935,Top,Black Yellow,https://res.cloudinary.com/cloudcat369/video/upload/v1650579283/Unsorted/19935_sw4ugy.mp4
Knit Cap Of Water,19936,costume costume-19936,Top,Green Blue,https://res.cloudinary.com/cloudcat369/video/upload/v1650579284/Unsorted/19936_i19emn.mp4
Silk Hat of Earth,19937,costume costume-19937,Top,,
Love Rabbit Hood,19938,costume costume-19938,Top+Middle+Lower,,
Ear Muffs,19941,costume costume-19941,Top,,
Rocket Helm,19946,costume costume-19946,Top,,
RWC2013 Japan Hat,19949,costume costume-19949,Top,Green White Orange,https://res.cloudinary.com/cloudcat369/video/upload/v1650579285/Unsorted/19949_zoe2l0.mp4
Bubble Gum in Mouth,19952,costume costume-19952,Lower,,
Soldier Hat,19956,costume costume-19956,Top,,
Chain Puppet,19960,costume costume-19960,Top,Brown,https://res.cloudinary.com/cloudcat369/video/upload/v1650579284/Unsorted/19960_chbz6j.mp4
Cat Santa Hat,19976,costume costume-19976,Top,,
Flower Hairpin,19983,costume costume-19983,Top,,
Aura Quartz,19985,costume costume-19985,Top,,
Blue Fur Hat,19987,costume costume-19987,Top,,
Elder Crown,19988,costume costume-19988,Top,,
Mouton Life,19989,costume costume-19989,Middle,,
Rabbit Knit Hat,19990,costume costume-19990,Top,Blue White,https://res.cloudinary.com/cloudcat369/video/upload/v1650579284/Unsorted/19990_fdgbf5.mp4
Galanthus Guard,19991,costume costume-19991,Top,White,https://res.cloudinary.com/cloudcat369/video/upload/v1650579284/Unsorted/19991_fi7hqd.mp4
Chilly Breath,19992,costume costume-19992,Lower,White,https://res.cloudinary.com/cloudcat369/video/upload/v1650579284/Unsorted/19992_cwawgl.mp4
Flower Blossom,19995,costume costume-19995,Middle,,
Horse King,19996,costume costume-19996,Top+Middle+Lower,Brown Blue,https://res.cloudinary.com/cloudcat369/video/upload/v1650579286/Unsorted/19996_pelker.mp4
Dragon Turtle Hat,19998,costume costume-19998,Top,Red Grey,https://res.cloudinary.com/cloudcat369/video/upload/v1650579285/Unsorted/19998_qwkrxy.mp4
Mouse Hat 1,19999,costume costume-19999,Top,,
Mouse Hat 5,20003,costume costume-20003,Top,,
Sigrun Wing,20005,costume costume-20005,Middle,,
Dark Knight Mask,20006,costume costume-20006,Top+Middle,Brown Blue Orange,https://res.cloudinary.com/cloudcat369/video/upload/v1650579285/Unsorted/20006_kp1pfy.mp4
Dragon Skull Hat,20009,costume costume-20009,Top,,
Rainbow Ears Feather,20010,costume costume-20010,Middle,,
Marionette Doll,20017,costume costume-20017,Top,,
Love Fragment,20022,costume costume-20022,Lower,,
Red Beret,20023,costume costume-20023,Top,,
Cow Hat 1,20025,costume costume-20025,Top,White Black,https://res.cloudinary.com/cloudcat369/video/upload/v1650579285/Unsorted/20025_bjydy5.mp4
Cow Hat 2,20026,costume costume-20026,Top,,
Donut in Mouth,20029,costume costume-20029,Lower,,
Choco Donut in Mouth,20030,costume costume-20030,Lower,,
Bunny Headress,20031,costume costume-20031,Top,,
Firinto Scarf,20032,costume costume-20032,Top,,
Monk Crown,20033,costume costume-20033,Top,,
Miracle Blue Rose,20035,costume costume-20035,Lower,,
Sword Master Crown,20036,costume costume-20036,Top,,
Chung Hairpin,20040,costume costume-20040,Top,,
Rose Headband,20041,costume costume-20041,Top,,
Carmen Miranda's Hat,20044,costume costume-20044,Top,Pink Green Purple,https://res.cloudinary.com/cloudcat369/video/upload/v1650579286/Unsorted/20044_jedyqh.mp4
Prayer Cherry Blossom,20047,costume costume-20047,Top,,
Wind Prairie,20048,costume costume-20048,Top,,
Stop Post,20051,costume costume-20051,Top,Brown,https://res.cloudinary.com/cloudcat369/video/upload/v1650579285/Unsorted/20051_dtw4c5.mp4
AFK Hat,20052,costume costume-20052,Top,,
Ghost Bandana,20055,costume costume-20055,Top,,
Feather Bonnet,20057,costume costume-20057,Top,,
Welding Mask,20059,costume costume-20059,Middle+Lower,,
White Rabbit Headband,20067,costume costume-20067,Top,,
Alpaca Hood,20070,costume costume-20070,Top+Middle+Lower,Yellow,https://res.cloudinary.com/cloudcat369/video/upload/v1650579286/Unsorted/20070_kzyyuy.mp4
Worg In Mouth,20071,costume costume-20071,Lower,,
Hair Band,20073,costume costume-20073,Top,,
Shaman Hair Ornament,20080,costume costume-20080,Top,,
Mythlit Hat,20083,costume costume-20083,Top,Blue Green,https://res.cloudinary.com/cloudcat369/video/upload/v1650579287/Unsorted/20083_jvebzw.mp4
St Patrick's Hat,20085,costume costume-20085,Top,Green,https://res.cloudinary.com/cloudcat369/video/upload/v1650579286/Unsorted/20085_m5oqfs.mp4
Wizard Hat,20093,costume costume-20093,Top,,
Red Ribbon,20095,costume costume-20095,Top,,
White Ribbon,20097,costume costume-20097,Top,White,https://res.cloudinary.com/cloudcat369/video/upload/v1650579286/Unsorted/20097_cq1vyp.mp4
Ljosalfar,20099,costume costume-20099,Top,Gold,https://res.cloudinary.com/cloudcat369/video/upload/v1650579287/Unsorted/20099_wyau7k.mp4
Volume Fhat,20100,costume costume-20100,Top,Green Yellow,https://res.cloudinary.com/cloudcat369/video/upload/v1650579286/Unsorted/20100_g78xzm.mp4
Bragi Wing Ears,20101,costume costume-20101,Top,White,https://res.cloudinary.com/cloudcat369/video/upload/v1650579287/Unsorted/20101_ja0dcv.mp4
Drooping Panda,20103,costume costume-20103,Top,,
Picky Egg Shell,20104,costume costume-20104,Top,,
Fish Head,20105,costume costume-20105,Top,,
Coiledup Snake Hat,20111,costume costume-20111,Top,White,https://res.cloudinary.com/cloudcat369/video/upload/v1650579287/Unsorted/20111_wfr4ca.mp4
Aqua Ten Gallon Hat,20112,costume costume-20112,Top,White Blue,https://res.cloudinary.com/cloudcat369/video/upload/v1650579287/Unsorted/20112_bcaffq.mp4
Star Reading Hat,20113,costume costume-20113,Top,Purple White,https://res.cloudinary.com/cloudcat369/video/upload/v1650579287/Unsorted/20113_q0oajm.mp4
Under Rim Glasses,20115,costume costume-20115,Middle,,
Mermaid Headphone,20116,costume costume-20116,Middle,,
Raspberry Mousse Hat,20117,costume costume-20117,Top,,
Antenna,20120,costume costume-20120,Top,,
Masquerade,20124,costume costume-20124,Middle,,
Odium Thanatos Mask,20126,costume costume-20126,Middle+Lower,,
Poporing Cap,20129,costume costume-20129,Top,Green,https://res.cloudinary.com/cloudcat369/video/upload/v1650579287/Unsorted/20129_bph63b.mp4
Whisper Tall Hat,20130,costume costume-20130,Top,,
Clock Tower Manager,20131,costume costume-20131,Middle,,
12th Anniversary Crown,20135,costume costume-20135,Top,Gold,https://res.cloudinary.com/cloudcat369/video/upload/v1650579288/Unsorted/20135_mnwzle.mp4
12 Anniversary Elf Ears,20136,costume costume-20136,Middle,,
Bomb Wick,20137,costume costume-20137,Top,,
Sea Otter Hat,20138,costume costume-20138,Top,,
Horse Hairpin,20139,costume costume-20139,Top,,
Horse Hairpin,20140,costume costume-20140,Top,,
Observer,20141,costume costume-20141,Middle,,
Machoman Glasses,20142,costume costume-20142,Middle,,
Candy Cane In Mouth,20143,costume costume-20143,Lower,,
Pigeon On Shoulder,20147,costume costume-20147,Middle,,
Musketeer Hat,20148,costume costume-20148,Top,,
Falling Maple Leafs,20154,costume costume-20154,Middle,,
Lady's Feather Hat,20155,costume costume-20155,Top,Purple White,https://res.cloudinary.com/cloudcat369/video/upload/v1650579288/Unsorted/20155_dmfbsj.mp4
Fan in Mouth,20156,costume costume-20156,Lower,,
Evolved Blue Fish,20157,costume costume-20157,Lower,,
Circlet,20158,costume costume-20158,Top,,
Army Cap,20161,costume costume-20161,Top,Brown,https://res.cloudinary.com/cloudcat369/video/upload/v1650579288/Unsorted/20161_bddlck.mp4
Duneyrr Hat,20164,costume costume-20164,Top,,
Deviruchi Headphone,20167,costume costume-20167,Top,,
Skull Hood,20168,costume costume-20168,Top+Middle,Blue White,https://res.cloudinary.com/cloudcat369/video/upload/v1650579288/Unsorted/20168_p14jsa.mp4
Brown Deviruchi Cap,20170,costume costume-20170,Top,,
Sepia Cap,20171,costume costume-20171,Top,,
Lude Hood,20173,costume costume-20173,Top,,
Orange Halloween Hat,20174,costume costume-20174,Top,,
Happy Pierrot Mask,20176,costume costume-20176,Middle+Lower,,
Drooping Dorasuke,20177,costume costume-20177,Top,,
Puppy Love,20178,costume costume-20178,Top,Pink Yellow,https://res.cloudinary.com/cloudcat369/video/upload/v1650579288/Unsorted/20178_byprem.mp4
Western Grace,20180,costume costume-20180,Top,,
Magni's Cap,20186,costume costume-20186,Top,,
Chick Hat J,20190,costume costume-20190,Top,,
Black Cat Ears Beret,20191,costume costume-20191,Top,,
Foxtail,20193,costume costume-20193,Lower,,
Lion Mask,20194,costume costume-20194,Top,,
Scratching Cat,20195,costume costume-20195,Middle+Lower,,
Leopard Ear Hat,20196,costume costume-20196,Top,Yellow Brown,https://res.cloudinary.com/cloudcat369/video/upload/v1650579288/Unsorted/20196_aodmgw.mp4
Amistr Beret,20197,costume costume-20197,Top,,
Misty Ears,20198,costume costume-20198,Top,Brown,https://res.cloudinary.com/cloudcat369/video/upload/v1650579288/Unsorted/20198_aljfsz.mp4
Evil Marcher Hat,20199,costume costume-20199,Top,,
Rabbit Head Dress,20200,costume costume-20200,Top,,
Banshee Master Kiss,20201,costume costume-20201,Lower,,
Hunter Hat,20204,costume costume-20204,Top,,
Striped Hairband,20207,costume costume-20207,Top,,
Mermaid Longing,20209,costume costume-20209,Lower,Rainbow,https://res.cloudinary.com/cloudcat369/video/upload/v1650579289/Unsorted/20209_phh5ha.mp4
Chicken Hat,20210,costume costume-20210,Top+Middle+Lower,,
Loki & Nidhoggurs Hat,20212,costume costume-20212,Top,,
Black Devil Mask,20215,costume costume-20215,Middle,,
Arabian Veil,20217,costume costume-20217,Top,Purple,https://res.cloudinary.com/cloudcat369/video/upload/v1650579248/Unsorted/20217_yoprac.mp4
Spell Circuit,20218,costume costume-20218,Top,Yellow Green,https://res.cloudinary.com/cloudcat369/video/upload/v1650579248/Unsorted/20218_lccsz8.mp4
Eyes Of Ifrit,20221,costume costume-20221,Middle,Red,https://res.cloudinary.com/cloudcat369/video/upload/v1650579249/Unsorted/20221_riivvw.mp4
Red Tailed Ribbon,20224,costume costume-20224,Top,,
Pumpkin-Head,20225,costume costume-20225,Top,Orange,https://res.cloudinary.com/cloudcat369/video/upload/v1650579248/Unsorted/20225_nbyvlx.mp4
Husky Hat,20227,costume costume-20227,Top,,
Pig MoneyBox,20228,costume costume-20228,Top,,
Snowman Hat,20231,costume costume-20231,Top,,
Baphomet Hat,20234,costume costume-20234,Top+Middle+Lower,Yellow Brown,https://res.cloudinary.com/cloudcat369/video/upload/v1650579249/Unsorted/20234_bv1fvo.mp4
Large Ribbon Muffler,20239,costume costume-20239,Lower,Orange,https://res.cloudinary.com/cloudcat369/video/upload/v1650579249/Unsorted/20239_ycvoe6.mp4
Gift of Snow,20240,costume costume-20240,Lower,,
Snownow Hat,20242,costume costume-20242,Top,,
Fate Of Black Hand,20247,costume costume-20247,Top,,
Black Hair of Strong,20248,costume costume-20248,Top,,
Red Strong Hair,20249,costume costume-20249,Top,Red,https://res.cloudinary.com/cloudcat369/video/upload/v1650579249/Unsorted/20249_whkt8x.mp4
White Hair of Strong,20250,costume costume-20250,Top,,
Rose Cascade,20251,costume costume-20251,Top,,
Mage Decoration,20252,costume costume-20252,Top,,
Love Cheeks,20255,costume costume-20255,Middle,,
Black Rabbit Bonnet,20257,costume costume-20257,Top,,
Blue Headdress,20258,costume costume-20258,Top,Blue,https://res.cloudinary.com/cloudcat369/video/upload/v1650579249/Unsorted/20258_qwpxs1.mp4
Secret Zipper,20266,costume costume-20266,Top,,
Penguin Cap,20267,costume costume-20267,Top,,
White Fox Ear Ribbon,20269,costume costume-20269,Top,,
Gryphon Wing Ears,20270,costume costume-20270,Middle,,
Unicorn Horn,20272,costume costume-20272,Top,White,https://res.cloudinary.com/cloudcat369/video/upload/v1650579249/Unsorted/20272_eygxtt.mp4
Man's Medal,20278,costume costume-20278,Top,,
Cheering Whistle,20279,costume costume-20279,Lower,,
Well-Chewed Pencil,20280,costume costume-20280,Lower,Yellow,https://res.cloudinary.com/cloudcat369/video/upload/v1650579250/Unsorted/20280_oc0c7k.mp4
White Student Cap,20282,costume costume-20282,Top,,
Over Protector,20283,costume costume-20283,Top,Brown,https://res.cloudinary.com/cloudcat369/video/upload/v1650579250/Unsorted/20283_q35uch.mp4
Sakura Hat,20284,costume costume-20284,Top,,
Blowing Scattered Sakura,20285,costume costume-20285,Lower,,
Under Rim Glasses Red,20286,costume costume-20286,Middle,,
Pitch Dark Evil Druid Hat,20290,costume costume-20290,Top,,
Sleeper Hat,20293,costume costume-20293,Top,,
Savage Babe Hat,20294,costume costume-20294,Top,,
Happy Lunatic Hanging Ear,20298,costume costume-20298,Middle,,
Face Crusher,20299,costume costume-20299,Middle+Lower,,
Hill Wind Mask,20300,costume costume-20300,Top+Middle+Lower,,
Artist Hat,20306,costume costume-20306,Top,,
Magical Booster,20311,costume costume-20311,Top,,
Baron's Evil Eye,20312,costume costume-20312,Middle,,
CD in Mouth,20313,costume costume-20313,Lower,,
Analyze Eye,20315,costume costume-20315,Lower,Blue,https://res.cloudinary.com/cloudcat369/video/upload/v1650579251/Unsorted/20315_vo0fpf.mp4
Seraph Wing Helm,20316,costume costume-20316,Top,Blue,https://res.cloudinary.com/cloudcat369/video/upload/v1650579250/Unsorted/20316_ppw2mx.mp4
Nekomimi Cyber Headphone,20317,costume costume-20317,Top,,
Charleston Antenna,20318,costume costume-20318,Middle,,
Crimson Booster,20319,costume costume-20319,Middle,,
Red Bandana,20320,costume costume-20320,Top,,
Sparkling Sound,20323,costume costume-20323,Lower,,
Little Aquarium,20325,costume costume-20325,Middle,Blue Yellow Orange,https://res.cloudinary.com/cloudcat369/video/upload/v1650579251/Unsorted/20325_mjt0qi.mp4
Sailor Collar,20326,costume costume-20326,Lower,,
Very Cute Doll Hat,20329,costume costume-20329,Top,Pink,https://res.cloudinary.com/cloudcat369/video/upload/v1650579251/Unsorted/20329_ff57q8.mp4
Desert Prince,20331,costume costume-20331,Top,Grey Gold Red,https://res.cloudinary.com/cloudcat369/video/upload/v1650579250/Unsorted/20331_liamp8.mp4
Joystick Hat,20334,costume costume-20334,Top,,
Watery Eyes,20335,costume costume-20335,Middle,Blue,https://res.cloudinary.com/cloudcat369/video/upload/v1650579250/Unsorted/20335_omyd8t.mp4
Colorful Dancing Octopus,20338,costume costume-20338,Top,,
Flower Summer Hat,20339,costume costume-20339,Top,,
Poring Pirate Hat,20347,costume costume-20347,Top,,
Sunday Hat,20348,costume costume-20348,Top,,
Flying Galapago,20349,costume costume-20349,Lower,,
Bouncing Hair Yellow,20350,costume costume-20350,Lower,,
Bouncing Hair Green,20351,costume costume-20351,Lower,,
Bouncing Hair Purple,20352,costume costume-20352,Lower,Purple,https://res.cloudinary.com/cloudcat369/video/upload/v1650579251/Unsorted/20352_b0dnlh.mp4
Bouncing Hair Crimson,20354,costume costume-20354,Lower,,
Bouncing Hair Blue,20355,costume costume-20355,Lower,,
Bouncing Hair White,20356,costume costume-20356,Lower,,
Straight Pony Yellow,20357,costume costume-20357,Lower,,
Straight Pony Green,20358,costume costume-20358,Lower,,
Straight Pony Crimson,20361,costume costume-20361,Lower,Brown,https://res.cloudinary.com/cloudcat369/video/upload/v1650579251/Unsorted/20361_tw3tye.mp4
Straight Pony Blue,20362,costume costume-20362,Lower,,
Watermelon Hat,20373,costume costume-20373,Top,,
Ignis Cap,20375,costume costume-20375,Top,Brown Gold,https://res.cloudinary.com/cloudcat369/video/upload/v1650579252/Unsorted/20375_zoqgtr.mp4
Memory of Lovers,20376,costume costume-20376,Middle,Red White,https://res.cloudinary.com/cloudcat369/video/upload/v1650579252/Unsorted/20376_xkyt2y.mp4
Pocketwatch Hair Ornament,20379,costume costume-20379,Middle,,
Mechanical Feather Hairband,20380,costume costume-20380,Top,Brown Gold,https://res.cloudinary.com/cloudcat369/video/upload/v1650579252/Unsorted/20380_mkv6fc.mp4
Steampunk Hat,20381,costume costume-20381,Top,Black,https://res.cloudinary.com/cloudcat369/video/upload/v1650579253/Unsorted/20381_lncefx.mp4
Silver Sniper Doll,20382,costume costume-20382,Top,Red Brown,https://res.cloudinary.com/cloudcat369/video/upload/v1650579253/Unsorted/20382_k0aypg.mp4
Pumpkin Toque,20394,costume costume-20394,Top,Orange,https://res.cloudinary.com/cloudcat369/video/upload/v1650579253/Unsorted/20394_cdemhc.mp4
Black Witch Hat,20395,costume costume-20395,Top,Brown Gold,https://res.cloudinary.com/cloudcat369/video/upload/v1650579252/Unsorted/20395_knlwqt.mp4
Green Hat,20396,costume costume-20396,Top,,
Niffleheim Bunny Hat,20398,costume costume-20398,Top,,
Crow Tengu Mask,20399,costume costume-20399,Middle,,
Ichthys Rosario,20400,costume costume-20400,Lower,,
Holy Klobuk,20402,costume costume-20402,Top,,
Dolor Thanatos,20403,costume costume-20403,Top,,
Blessing of Angel,20404,costume costume-20404,Middle,White,https://res.cloudinary.com/cloudcat369/video/upload/v1650579255/Unsorted/20404_gmvytc.mp4
Eremes Scarf,20405,costume costume-20405,Lower,Red,https://res.cloudinary.com/cloudcat369/video/upload/v1650579253/Unsorted/20405_shbrrx.mp4
Chain of Commandments,20406,costume costume-20406,Middle,,
Vicious Mind Aura (Crimson),20407,costume costume-20407,Lower,Red,https://res.cloudinary.com/cloudcat369/video/upload/v1650579253/Unsorted/20407_uzoqvg.mp4
Requiem Crown of Light and Dark,20408,costume costume-20408,Top,,
There is...Something...,20409,costume costume-20409,Top,,
Grade 6 Balloon,20421,costume costume-20421,Lower,Blue,https://res.cloudinary.com/cloudcat369/video/upload/v1650579253/Unsorted/20421_puv6qo.mp4
Grade 12 Balloon,20427,costume costume-20427,Lower,,
Piamette Bowtie,20429,costume costume-20429,Lower,,
Loyal Servant of Devil Morocc,20430,costume costume-20430,Middle,Purple,https://res.cloudinary.com/cloudcat369/video/upload/v1650579254/Unsorted/20430_mueeof.mp4
Magician Headdress,20431,costume costume-20431,Top,,
Khalitzburg Knight Helm,20432,costume costume-20432,Top,Blue Gold,https://res.cloudinary.com/cloudcat369/video/upload/v1650579254/Unsorted/20432_ffd6yx.mp4
Louise Red Hat,20433,costume costume-20433,Top,,
Drooping Gunslinger,20434,costume costume-20434,Top,,
Camellia Hair Pin,20435,costume costume-20435,Top,,
Sakura Hairband,20437,costume costume-20437,Top,,
Tone of Gold,20440,costume costume-20440,Lower,Pink Yellow,https://res.cloudinary.com/cloudcat369/video/upload/v1650579254/Unsorted/20440_rilvc5.mp4
Large Ribbon Muffler (Red),20441,costume costume-20441,Lower,Red,https://res.cloudinary.com/cloudcat369/video/upload/v1650579255/Unsorted/20441_la9r3e.mp4
Unicorn Helm,20443,costume costume-20443,Top,,
Bunny Eggshell,20446,costume costume-20446,Top,Red White,https://res.cloudinary.com/cloudcat369/video/upload/v1650579254/Unsorted/20446_jf8tr8.mp4
Small Porings Headband,20447,costume costume-20447,Top,,
Water Spellcaster,20448,costume costume-20448,Lower,Blue,https://res.cloudinary.com/cloudcat369/video/upload/v1650579257/Unsorted/20448_zcujcz.mp4
White and Black Temptation,20449,costume costume-20449,Top,,
Gram Peony,20450,costume costume-20450,Top,Brown Red,https://res.cloudinary.com/cloudcat369/video/upload/v1650579255/Unsorted/20450_gk2xn4.mp4
Sky of Memory,20451,costume costume-20451,Top,,
Republi Hat,20455,costume costume-20455,Top,,
Combat Vestige,20456,costume costume-20456,Top,,
Fluttering Feathers,20457,costume costume-20457,Lower,,
Wild Poring Rider,20458,costume costume-20458,Top,,
Valhalla Idol,20459,costume costume-20459,Middle,,
Thornbush Hairband,20460,costume costume-20460,Top,,
Cat Ears Cape,20462,costume costume-20462,Lower,,
Two Tone Beret,20463,costume costume-20463,Top,,
Monochrome Ribbon Hat,20464,costume costume-20464,Top,Black White,https://res.cloudinary.com/cloudcat369/video/upload/v1650579256/Unsorted/20464_kxu9vn.mp4
Glasses Without Lens,20465,costume costume-20465,Middle,Black,https://res.cloudinary.com/cloudcat369/video/upload/v1650579256/Unsorted/20465_bl68w8.mp4
Crimson Ribbon,20466,costume costume-20466,Top,,
Elemental Crown,20467,costume costume-20467,Top,,
You in ONE,20468,costume costume-20468,Top+Middle+Lower,,
Sweet Chocolate Hat,20470,costume costume-20470,Top,Brown,https://res.cloudinary.com/cloudcat369/video/upload/v1650579257/Unsorted/20470_f8cw3j.mp4
Twin Margaret,20486,costume costume-20486,Middle,,
Waltz of Flowers,20487,costume costume-20487,Lower,,
Pale Yellow Ribbon,20488,costume costume-20488,Top,,
Pope Crown,20489,costume costume-20489,Top,,
Full Blossom Sakura Hairpin Blue,20490,costume costume-20490,Top,,
Quati Hat,20495,costume costume-20495,Top,Brown,https://res.cloudinary.com/cloudcat369/video/upload/v1650579256/Unsorted/20495_wvbwdc.mp4
Black Shiba Inu Hat,20496,costume costume-20496,Top,,
Umbala Spirit,20497,costume costume-20497,Lower,White,https://res.cloudinary.com/cloudcat369/video/upload/v1650579256/Unsorted/20497_oxmltp.mp4
Elephant Hat,20498,costume costume-20498,Top,,
Cat Ears,20499,costume costume-20499,Top,White Black,https://res.cloudinary.com/cloudcat369/video/upload/v1650579256/Unsorted/20499_edfp81.mp4
Grim Reaper Protection,20798,costume costume-20798,Lower,Black,https://res.cloudinary.com/cloudcat369/video/upload/v1650579257/Unsorted/20798_yrk15s.mp4
Bull Head,21207,costume costume-21207,Middle+Lower,,
Twinkle Effect,25058,costume costume-effect,Effect+Top,White,https://res.cloudinary.com/cloudcat369/video/upload/v1650340031/Effects/25058_dl7c7l.mp4
Ghost Effect,25059,costume costume-effect,Effect+Middle,White,https://res.cloudinary.com/cloudcat369/video/upload/v1650340030/Effects/25059_m3qglg.mp4
Electric Effect,25136,costume costume-effect,Effect+Middle,Blue,https://res.cloudinary.com/cloudcat369/video/upload/v1650340031/Effects/25206-25136_dmmtsb.mp4
Green Flare Effect,25137,costume costume-effect,Effect+Lower,Green,https://res.cloudinary.com/cloudcat369/video/upload/v1650340030/Effects/25137_guih5e.mp4
Shrink Effect,25138,costume costume-effect,Effect+Middle,,https://res.cloudinary.com/cloudcat369/video/upload/v1650340031/Effects/25138-25205_evfx1d.mp4
Blue Aura,25176,costume costume-effect,Effect+Middle,Blue,https://res.cloudinary.com/cloudcat369/video/upload/v1650340030/Effects/25176_b2shjc.mp4
Shadow Effect,25177,costume costume-effect,Effect+Middle,Black,https://res.cloudinary.com/cloudcat369/video/upload/v1650340030/Effects/25177_gzclaw.mp4
Pink Glow,25178,costume costume-effect,Effect+Top,Pink,https://res.cloudinary.com/cloudcat369/video/upload/v1650340031/Effects/25178_lzgrny.mp4
Shrink Effect,25205,costume costume-effect,Effect+Lower,,https://res.cloudinary.com/cloudcat369/video/upload/v1650340031/Effects/25138-25205_evfx1d.mp4
Electric Effect,25206,costume costume-effect,Effect+Top,Blue,https://res.cloudinary.com/cloudcat369/video/upload/v1650340031/Effects/25206-25136_dmmtsb.mp4
White Body,25224,costume costume-effect,Effect+Middle,White,https://res.cloudinary.com/cloudcat369/video/upload/v1650340031/Effects/25224_awz9hj.mp4
Crimson Wave,25225,costume costume-effect,Effect+Middle,Red,https://res.cloudinary.com/cloudcat369/video/upload/v1650340032/Effects/25225_k09aq8.mp4
Water Field,25226,costume costume-effect,Effect+Lower,Blue,https://res.cloudinary.com/cloudcat369/video/upload/v1650340031/Effects/25226_ir24jx.mp4
Pretty Bear,31027,costume costume-31027,Top,,
Tiger Face,31030,costume costume-31030,Middle+Lower,,
Cheks Bandana,31038,costume costume-31038,Top,,
Magical Feather,31040,costume costume-31040,Top,Pink White,https://res.cloudinary.com/cloudcat369/video/upload/v1650579257/Unsorted/31040_vsi6g0.mp4
Survival Circlet,31042,costume costume-31042,Top,,
Blue Rear Ribbon,31045,costume costume-31045,Lower,,
White Rose Princess,31046,costume costume-31046,Top,,
Marin Hat,31049,costume costume-31049,Top,,
Golden Poring Hat,31050,costume costume-31050,Top,Gold Red Green,https://res.cloudinary.com/cloudcat369/video/upload/v1650579257/Unsorted/31050_yde7xy.mp4
Drooping Eddga,31053,costume costume-31053,Top,,
Poring Soap Pipe,31055,costume costume-31055,Lower,Pink Orange,https://res.cloudinary.com/cloudcat369/video/upload/v1650579257/Unsorted/31055_t87xsh.mp4
Eremes Guiles Scarf Black,31057,costume costume-31057,Lower,,
Eleanor Wig,31062,costume costume-31062,Top,Grey Brown,https://res.cloudinary.com/cloudcat369/video/upload/v1650579258/Unsorted/31062_n2m7op.mp4
Hair Bun Green,31066,costume costume-31066,Top,,
Hair Bun White,31068,costume costume-31068,Top,,
Hair Bun Crimson,31069,costume costume-31069,Top,Brown,https://res.cloudinary.com/cloudcat369/video/upload/v1650579258/Unsorted/31069_cw7bzr.mp4
Hair Bun Purple,31070,costume costume-31070,Top,,
Roll Twin Green,31074,costume costume-31074,Top,,
Roll Twin Purple,31078,costume costume-31078,Top,,
Long Pony Blue,31079,costume costume-31079,Top,Blue,https://res.cloudinary.com/cloudcat369/video/upload/v1650579258/Unsorted/31079_vk71tk.mp4
Long Pony Red,31080,costume costume-31080,Top,,
Long Pony Purple,31086,costume costume-31086,Top,,
Dwarf Beard,31087,costume costume-31087,Lower,Brown,https://res.cloudinary.com/cloudcat369/video/upload/v1650579258/Unsorted/31087_b3vnru.mp4
Mad Hatter,31088,costume costume-31088,Top+Lower,Black Yellow,https://res.cloudinary.com/cloudcat369/video/upload/v1650579258/Unsorted/31088_hoz55g.mp4
Exploding Crimson Flame,31089,costume costume-31089,Middle,Red,https://res.cloudinary.com/cloudcat369/video/upload/v1650579258/Unsorted/31089_emqiix.mp4
Bunny Ribbon Hat,31092,costume costume-31092,Top,Black White,https://res.cloudinary.com/cloudcat369/video/upload/v1650579259/Unsorted/31092_rrjper.mp4
Under Lamp,31093,costume costume-31093,Lower,Blue,https://res.cloudinary.com/cloudcat369/video/upload/v1650579258/Unsorted/31093_smwb7h.mp4
Dice Hairband,31094,costume costume-31094,Top,White Black,https://res.cloudinary.com/cloudcat369/video/upload/v1650579259/Unsorted/31094_onhg2u.mp4
Bunny Ears of Minnie Doe Alma,31097,costume costume-31097,Top,,
Tamamo Loa's Fox Ears,31098,costume costume-31098,Top,Purple,https://res.cloudinary.com/cloudcat369/video/upload/v1650579259/Unsorted/31098_o9pjgv.mp4
Hat of Dumpty Alma,31100,costume costume-31100,Top,,
Taini Hat Blue,31101,costume costume-31101,Top,Blue Yellow,https://res.cloudinary.com/cloudcat369/video/upload/v1650579259/Unsorted/31101_grqblc.mp4
Taini Hat Orange,31102,costume costume-31102,Top,Orange Yellow,https://res.cloudinary.com/cloudcat369/video/upload/v1650579259/Unsorted/31102_egtame.mp4
Taini Hat,31104,costume costume-31104,Top,,
RO Celebration Hat,31105,costume costume-31105,Top,,
Eyepatch of Peace,31106,costume costume-31106,Middle,,
Eyepatch of Prosperity,31107,costume costume-31107,Middle,Yellow Red,https://res.cloudinary.com/cloudcat369/video/upload/v1650579259/Unsorted/31107_rn26t9.mp4
Theater Prop,31114,costume costume-31114,Top,,
Hoplite Helmet,31117,costume costume-31117,Top+Middle+Lower,,
Scratch Mask,31118,costume costume-31118,Middle+Lower,,
Magician Hat Blue,31119,costume costume-31119,Top,,
Vampire Familiar,31120,costume costume-31120,Middle,,
Bat Stole,31121,costume costume-31121,Lower,Brown,https://res.cloudinary.com/cloudcat369/video/upload/v1650579260/Unsorted/31121_izxtxl.mp4
Queen Anne's Revenge,31125,costume costume-31125,Top,Red Gold,https://res.cloudinary.com/cloudcat369/video/upload/v1650579260/Unsorted/31125_wwdoqe.mp4
Monk Hat,31131,costume costume-31131,Top,,
Christmas Wreath,31132,costume costume-31132,Top,,
Gambler Seal,31133,costume costume-31133,Middle,,
Talkative Parrot,31134,costume costume-31134,Lower,,
Luxury Mini Crown,31135,costume costume-31135,Top,Red Gold,https://res.cloudinary.com/cloudcat369/video/upload/v1650579260/Unsorted/31135_k96tcc.mp4
Clock Casket,31136,costume costume-31136,Top,Blue White Red,https://res.cloudinary.com/cloudcat369/video/upload/v1650579260/Unsorted/31136_rfpsht.mp4
Blue Rose Ornament,31137,costume costume-31137,Top,,
Piamettes Red Hood,31138,costume costume-31138,Top,,
White Rabbit Ears,31139,costume costume-31139,Top,,
Prison of Time,31142,costume costume-31142,Lower,White,https://res.cloudinary.com/cloudcat369/video/upload/v1650579262/Unsorted/31142_d4pdp8.mp4
Lotus,31143,costume costume-31143,Top,Green Red,https://res.cloudinary.com/cloudcat369/video/upload/v1650579261/Unsorted/31143_mzmcdf.mp4
Shalosh Headdress,31150,costume costume-31150,Top,,
Cheshire's Cat Ears,31151,costume costume-31151,Top,Brown,https://res.cloudinary.com/cloudcat369/video/upload/v1650579260/Unsorted/31151_x4sbdr.mp4
Piamettes Red Bow Tie,31152,costume costume-31152,Lower,,
Squirrel Ear Hat,31158,costume costume-31158,Top,Orange,https://res.cloudinary.com/cloudcat369/video/upload/v1650579261/Unsorted/31158_n2chzc.mp4
Rune Helm,31160,costume costume-31160,Top,,
Shaving Foam,31162,costume costume-31162,Lower,,
Brown Stole,31164,costume costume-31164,Lower,,
Piggyback,31165,costume costume-31165,Top,,
Teddy Bear Hood,31166,costume costume-31166,Top,,
Hanging Black Lunatic Ears,31167,costume costume-31167,Middle,,
Blue Mouton Life,31168,costume costume-31168,Top,,
Wings of Wind,31170,costume costume-31170,Top,,
Always Watching,31176,costume costume-31176,Top,Brown,https://res.cloudinary.com/cloudcat369/video/upload/v1650579261/Unsorted/31176_ng61tz.mp4
Tail Hat,31177,costume costume-31177,Top,,
Fire Muffler,31178,costume costume-31178,Lower,Orange Red,https://res.cloudinary.com/cloudcat369/video/upload/v1650579261/Unsorted/31178_bqvcly.mp4
Wolf Masquerade,31179,costume costume-31179,Top,Brown Red,https://res.cloudinary.com/cloudcat369/video/upload/v1650579263/Unsorted/31179_utxaje.mp4
King Sura Headband,31180,costume costume-31180,Top,White Red,https://res.cloudinary.com/cloudcat369/video/upload/v1650579262/Unsorted/31180_pmoj6o.mp4
Necklace Rosary,31181,costume costume-31181,Lower,,
Side Cap,31182,costume costume-31182,Top,,
Black Cat,31186,costume costume-31186,Middle,Brown,https://res.cloudinary.com/cloudcat369/video/upload/v1650579262/Unsorted/31186_qbuvxz.mp4
Mono Gothic Bonnet,31188,costume costume-31188,Top,,
Red Cat Ears Cape,31189,costume costume-31189,Lower,,
Black Angel Mini Silk Hat,31190,costume costume-31190,Top,,
Egg Crispinette,31197,costume costume-31197,Top,,
Royal Rabbit Crown,31201,costume costume-31201,Top,Pink Gold,https://res.cloudinary.com/cloudcat369/video/upload/v1650579263/Unsorted/31201_ckzdol.mp4
Dog Officer,31202,costume costume-31202,Top,,
Rune Hairband,31206,costume costume-31206,Top,,
Dokkebi Mask,31207,costume costume-31207,Middle+Lower,,
Straight Long White,31209,costume costume-31209,Lower,,
Side Pigtail Blue,31210,costume costume-31210,Lower,,
Side Pigtail Yellow,31212,costume costume-31212,Lower,,
Side Pigtail Green,31213,costume costume-31213,Lower,,
Side Pigtail Black,31214,costume costume-31214,Lower,Brown White,https://res.cloudinary.com/cloudcat369/video/upload/v1650579263/Unsorted/31214_qnvrom.mp4
Side Pigtail Brown,31216,costume costume-31216,Lower,,
Low Pony Yellow,31220,costume costume-31220,Lower,,
Low Pony Black,31222,costume costume-31222,Lower,,
Low Pony Purple,31225,costume costume-31225,Lower,,
Long Twin Yellow,31228,costume costume-31228,Lower,,
Long Twin Yellow,31229,costume costume-31229,Lower,,
Long Twin Yellow,31230,costume costume-31230,Lower,,
Long Twin Yellow,31232,costume costume-31232,Lower,,
Vicious Mind Aura Mid,31236,costume costume-31236,Middle,White,https://res.cloudinary.com/cloudcat369/video/upload/v1650579263/Unsorted/31236_setuog.mp4
Love Rabbit Hood Upper,31239,costume costume-31239,Top,,
Whisper Mask Upper,31240,costume costume-31240,Top,White,https://res.cloudinary.com/cloudcat369/video/upload/v1650579263/Unsorted/31240_tny8ab.mp4
Burning Sun Lower,31241,costume costume-31241,Lower,,
Anubis Hat (Upper),31242,costume costume-31242,Top,Brown Gold,https://res.cloudinary.com/cloudcat369/video/upload/v1650579263/Unsorted/31242_x0trqt.mp4
Humming Bird,31246,costume costume-31246,Top,,
Hopping Rabbit,31249,costume costume-31249,Top,White Pink,https://res.cloudinary.com/cloudcat369/video/upload/v1650579264/Unsorted/31249_fu7s4d.mp4
Cats Mouth,31251,costume costume-31251,Lower,,
White Cat Ears Hat,31252,costume costume-31252,Top,,
Rinzu Helmet,31253,costume costume-31253,Top,,
Red Hare Hat,31254,costume costume-31254,Top+Middle+Lower,,
Soda In Mouth,31261,costume costume-31261,Lower,,
Straight Pony Black Mid,31269,costume costume-31269,Middle,,
Cowlick Red Mid,31274,costume costume-31274,Middle,,
Cowlick Black Mid,31277,costume costume-31277,Middle,Brown,https://res.cloudinary.com/cloudcat369/video/upload/v1650579264/Unsorted/31277_fm3l4o.mp4
Loose Wave Twin Black Mid,31285,costume costume-31285,Middle,Brown,https://res.cloudinary.com/cloudcat369/video/upload/v1650579264/Unsorted/31285_kw0tcm.mp4
Black Wing Ears Lower,31289,costume costume-31289,Lower,,
Crown of Ancient King Purple,31293,costume costume-31293,Top,,
Red Wing Hat,31295,costume costume-31295,Top,,
Fruit of Love,31297,costume costume-31297,Top,,
Sepia Parade Hat,31298,costume costume-31298,Top,,
White Rabbit,31299,costume costume-31299,Middle,White,https://res.cloudinary.com/cloudcat369/video/upload/v1650579264/Unsorted/31299_xyax2p.mp4
Warm Cat Muffler,31300,costume costume-31300,Lower,,
Blinking Eyes,31301,costume costume-31301,Middle,,
Black Magenta Ribbon,31302,costume costume-31302,Middle,,
Black Ramen Hat,31303,costume costume-31303,Top,,
Toucan Hat,31306,costume costume-31306,Top,,
Protect Feathers,31308,costume costume-31308,Middle,,
Dolor Thanatos Mask,31311,costume costume-31311,Middle+Lower,,
Ghost Holiday,31314,costume costume-31314,Top,,
Stall of Angel,31315,costume costume-31315,Lower,White,https://res.cloudinary.com/cloudcat369/video/upload/v1650579264/Unsorted/31315_bkod4h.mp4
Black Fluttering Butterfly,31316,costume costume-31316,Lower,Purple,https://res.cloudinary.com/cloudcat369/video/upload/v1650579265/Unsorted/31316_joa7w7.mp4
15th Anniversary Wing,31317,costume costume-31317,Top,,
Gerhard Von Deviruchi,31318,costume costume-31318,Top,,
Pinwheel Hat,31320,costume costume-31320,Top,,
Fallen Angel Valletta,31330,costume costume-31330,Lower,,
Chung e Shinyon Cap,31331,costume costume-31331,Top,White,https://res.cloudinary.com/cloudcat369/video/upload/v1650579264/Unsorted/31331_d1toj8.mp4
Black Khalitzburg Knight Helm,31332,costume costume-31332,Top,,
Straight Long Yellow,31370,costume costume-31370,Top,,
Binit Doll,31372,costume costume-31372,Top,,
Crown of Ancient king,31373,costume costume-31373,Top,,
Explosion gum,31374,costume costume-31374,Lower,Green,https://res.cloudinary.com/cloudcat369/video/upload/v1650579265/Unsorted/31374_mzrbam.mp4
Mystic Eye,31375,costume costume-31375,Middle,,
Ancient Dragon Coronet Purple,31376,costume costume-31376,Top,,
Catharina Von Brad 60th,31378,costume costume-31378,Top,,
Crow,31380,costume costume-31380,Middle,Brown,https://res.cloudinary.com/cloudcat369/video/upload/v1650579265/Unsorted/31380_h2h297.mp4
Diaboli Lapel,31381,costume costume-31381,Lower,,
Cat Ears Punkish,31382,costume costume-31382,Top,,
Volume Low Twin,31383,costume costume-31383,Lower,,
False Ears,31384,costume costume-31384,Middle,,
Survive Orb,31386,costume costume-31386,Lower,,
Garden of Eden,31388,costume costume-31388,Top,,
White Bird Rose,31389,costume costume-31389,Top,Red,https://res.cloudinary.com/cloudcat369/video/upload/v1650579265/Unsorted/31389_zvum8t.mp4
Let It Snow,31390,costume costume-31390,Top,Grey White,https://res.cloudinary.com/cloudcat369/video/upload/v1650579265/Unsorted/31390_zzyril.mp4
Floating Stone of Sage,31391,costume costume-31391,Middle,,
Radio Antenna,31392,costume costume-31392,Top,,
Magician White Hat,31394,costume costume-31394,Top,,
Book of Magic,31395,costume costume-31395,Lower,Brown Gold,https://res.cloudinary.com/cloudcat369/video/upload/v1650579265/Unsorted/31395_ewipwm.mp4
Sorcerer Hood,31396,costume costume-31396,Top,Brown Purple,https://res.cloudinary.com/cloudcat369/video/upload/v1650579266/Unsorted/31396_mkuv6v.mp4
Sitting Pope,31397,costume costume-31397,Top,White Orange,https://res.cloudinary.com/cloudcat369/video/upload/v1650579266/Unsorted/31397_g2tltm.mp4
Blinking Thin Eyes,31398,costume costume-31398,Middle,,
Poring Traffic Light,31404,costume costume-31404,Lower,,
Eleanor Wig (Yellow),31405,costume costume-31405,Top,Gold Brown,https://res.cloudinary.com/cloudcat369/video/upload/v1650579266/Unsorted/31405_lgfuxk.mp4
Nydhoggur Wig White,31406,costume costume-31406,Top,,
Alice Wig Peach,31407,costume costume-31407,Top,Pink,https://res.cloudinary.com/cloudcat369/video/upload/v1650579266/Unsorted/31407_gcxafn.mp4
Barrel Helm,31409,costume costume-31409,Top+Middle+Lower,Blue White Gold,https://res.cloudinary.com/cloudcat369/video/upload/v1650579266/Unsorted/31409_itzeok.mp4
God's Helm,31410,costume costume-31410,Top,,
Virgo Crown,31412,costume costume-31412,Top,White Blue,https://res.cloudinary.com/cloudcat369/video/upload/v1650579266/Unsorted/31412_a3ii6x.mp4
Taurus Crown,31413,costume costume-31413,Top,,
Wanderer's Sakkat,31415,costume costume-31415,Top+Middle,,
Seraphim Coronet,31416,costume costume-31416,Middle,,
Seppl Hat,31430,costume costume-31430,Top,,
Curupira Hat,31431,costume costume-31431,Top,,
Floating Ice,31432,costume costume-31432,Lower,,
Celestial Circle,31433,costume costume-31433,Top,,
Lazy Cat,31436,costume costume-31436,Top,,
Baby Penguin,31437,costume costume-31437,Middle,,
Fluffy Angel Cape,31438,costume costume-31438,Lower,Pink White,https://res.cloudinary.com/cloudcat369/video/upload/v1650579266/Unsorted/31438_mbiflr.mp4
Fluffy Heart Earmuffs,31439,costume costume-31439,Middle,Pink,https://res.cloudinary.com/cloudcat369/video/upload/v1650579266/Unsorted/31439_pishis.mp4
Snow Bear Hood,31440,costume costume-31440,Top,,
Penguin Cap Blue,31441,costume costume-31441,Top,,
Stings Silk Ribbon,31448,costume costume-31448,Top,,
Blue Rose Eyepatch,31449,costume costume-31449,Middle,,
Lolita Two Side Up,31450,costume costume-31450,Lower,Yellow,https://res.cloudinary.com/cloudcat369/video/upload/v1650579266/Unsorted/31450_sygoln.mp4
Blue Frill Ribbon,31451,costume costume-31451,Top,,
White Cat,31452,costume costume-31452,Middle,White,https://res.cloudinary.com/cloudcat369/video/upload/v1650579267/Unsorted/31452_dvpq8k.mp4
Large Ribbon Muffler (Black),31453,costume costume-31453,Lower,Brown,https://res.cloudinary.com/cloudcat369/video/upload/v1650579267/Unsorted/31453_wbadhd.mp4
Feeling Love,31454,costume costume-31454,Lower,Pink Red,https://res.cloudinary.com/cloudcat369/video/upload/v1650579267/Unsorted/31454_ugvmvu.mp4
Super Cute Dog,31455,costume costume-31455,Middle+Lower,Yellow White,https://res.cloudinary.com/cloudcat369/video/upload/v1650579267/Unsorted/31455_f5tgo9.mp4
Baby Leopard Cat,31456,costume costume-no-img,Top,,
Sweets Bonbon,31459,costume costume-31459,Top,,
Blessing Sky Lantern,31460,costume costume-31460,Lower,,
Marin Earrings,31461,costume costume-31461,Middle,,
Cute Poring Earmuffs,31462,costume costume-31462,Middle,,
Flying Drone,31463,costume costume-31463,Middle,Green Grey,https://res.cloudinary.com/cloudcat369/video/upload/v1650579267/Unsorted/31463_wmzk6c.mp4
Robin Egg Minihat,31465,costume costume-31465,Top,,
Holy Egg Shell,31466,costume costume-31466,Top,,
Evil Eggshell,31467,costume costume-31467,Top,,
Scroll of Tengu,31470,costume costume-31470,Lower,,
Fairy Feathers,31472,costume costume-31472,Middle,Pink Green,https://res.cloudinary.com/cloudcat369/video/upload/v1650579267/Unsorted/31472_xofzxf.mp4
Tipsy,31473,costume costume-31473,Lower,Pink,https://res.cloudinary.com/cloudcat369/video/upload/v1650579268/Unsorted/31473_seykwt.mp4
Straight Long Black,31474,costume costume-31474,Lower,,
Black Fox Ears Ribbon,31475,costume costume-31475,Top,Brown Red,https://res.cloudinary.com/cloudcat369/video/upload/v1650579268/Unsorted/31475_bvmzzc.mp4
Yellow Cherry Blossom Hat,31476,costume costume-31476,Top,,
Witch Manteau,31477,costume costume-no-img,Lower,,
Cat Coffee Cup,31481,costume costume-31481,Top,White Brown,https://res.cloudinary.com/cloudcat369/video/upload/v1650579268/Unsorted/31481_sh0akv.mp4
Lunatic Shawl,31482,costume costume-31482,Lower,White,https://res.cloudinary.com/cloudcat369/video/upload/v1650579269/Unsorted/31482_sskkab.mp4
Cat Ear Ribbon,31483,costume costume-31483,Middle,,
BearCompanion Female,31484,costume costume-no-img,Top,,
BearCompanion Male,31485,costume costume-no-img,Top,,
Divers Goggles,31486,costume costume-31486,Middle,,
Eye Bandage,31487,costume costume-31487,Middle,,
MVP,31488,costume costume-31488,Middle,Yellow Red,https://res.cloudinary.com/cloudcat369/video/upload/v1650579269/Unsorted/31488_r2f8wj.mp4
Bouquet Cap,31489,costume costume-31489,Top,,
Poring Muffler,31490,costume costume-31490,Lower,,
Orange Tabby Cat,31491,costume costume-31491,Middle,Yellow,https://res.cloudinary.com/cloudcat369/video/upload/v1650579269/Unsorted/31491_sgdszg.mp4
Brown Cat Ears Cape,31492,costume costume-31492,Lower,,
Volume Low Twin WH,31493,costume costume-31493,Lower,,
Yggdrasil Crown,31496,costume costume-31496,Top,,
Flowery Vision,31497,costume costume-31497,Middle,,
Elephangel,31498,costume costume-31498,Lower,Blue,https://res.cloudinary.com/cloudcat369/video/upload/v1650579269/Unsorted/31498_mi1wf6.mp4
Easter Egg Shell,31499,costume costume-31499,Top,,
Large Hungry Fish,31504,costume costume-31504,Top,,
Falcon Mask,31505,costume costume-31505,Middle+Lower,,
Cat Ear Bandana,31506,costume costume-31506,Top,,
Drooping Cat Yellow,31507,costume costume-31507,Top,,
Isabella Blue Ears,31508,costume costume-31508,Top,,
Fawn Ears,31509,costume costume-31509,Top,,
Short Haired Cat Ears,31510,costume costume-31510,Lower,,
Long Haired Cat Ears,31511,costume costume-31511,Lower,,
Panda Rabbit,31512,costume costume-31512,Middle,Brown White,https://res.cloudinary.com/cloudcat369/video/upload/v1650579269/Unsorted/31512_yx0tlg.mp4
Black Rabbit Ears,31513,costume costume-31513,Top,,
Mini Melon,31516,costume costume-31516,Top,,
Bear,31517,costume costume-no-img,Middle,Blue,https://res.cloudinary.com/cloudcat369/video/upload/v1650579269/Unsorted/31517_v3buwt.mp4
Popping Popcorn Hat,31518,costume costume-31518,Top,,
Noodles Hat,31519,costume costume-31519,Top,,
Popcorn Hat,31520,costume costume-31520,Top,,
Yuzu Helmet,31521,costume costume-31521,Top,,
Orange Helmet,31522,costume costume-31522,Top,,
Pomelo Helmet,31523,costume costume-31523,Top,,
Bento Hat,31524,costume costume-no-img,Top,,
Shaman Hat,31526,costume costume-31526,Top,,
Radiant Rainbow Wings,31527,costume costume-31527,Middle,,
Star Dust Hairband,31528,costume costume-31528,Top,,
Happy Rabbit Ribbon,31529,costume costume-31529,Top,,
Large Dracula Helm,31530,costume costume-31530,Top,,
Lovely Heart Cap,31531,costume costume-31531,Top,Pink,https://res.cloudinary.com/cloudcat369/video/upload/v1650579269/Unsorted/31531_q7hyod.mp4
Warm Cat Muffler Blue,31533,costume costume-31533,Lower,Brown,https://res.cloudinary.com/cloudcat369/video/upload/v1650579270/Unsorted/31533_gjy4hk.mp4
GeminiS58 Eyes Red,31540,costume costume-31540,Middle,,
Drosera Hairpin,31541,costume costume-31541,Top,,
Clay Poring Jar,31542,costume costume-31542,Middle,,
Siorava Hat,31543,costume costume-31543,Top,Orange Red,https://res.cloudinary.com/cloudcat369/video/upload/v1650579270/Unsorted/31543_cohvpj.mp4
Piamette Roll Hair,31544,costume costume-31544,Lower,Yellow,https://res.cloudinary.com/cloudcat369/video/upload/v1650579270/Unsorted/31544_etvmv7.mp4
Eremes ScarfBlue),31545,costume costume-31545,Lower,Blue,https://res.cloudinary.com/cloudcat369/video/upload/v1650579270/Unsorted/31545_ilpmcf.mp4
Clock Casque(Red),31546,costume costume-31546,Top,White Red,https://res.cloudinary.com/cloudcat369/video/upload/v1650579270/Unsorted/31546_mtjn6b.mp4
Poporing Mascot Head,31547,costume costume-31547,Top,,
Wings Of Victory Mid,31553,costume costume-31553,Middle,,
Bread Bag Mid,31554,costume costume-31554,Middle,,
Royal Guard Necklace,31559,costume costume-31559,Lower,,
Nurse Cap of Clergy,31560,costume costume-31560,Top,,
Eight Purgatory Wings,31561,costume costume-31561,Middle,,
Zealotus Doll,31562,costume costume-31562,Top,,
Blue Eye Shadow,31563,costume costume-31563,Middle,,
Variant Veil,31564,costume costume-31564,Top,Purple Brown,https://res.cloudinary.com/cloudcat369/video/upload/v1650579270/Unsorted/31564_kzu8g5.mp4
Princess Ribbon Crown,31565,costume costume-31565,Top,,
Stall Of Dominions,31566,costume costume-31566,Lower,Gold,https://res.cloudinary.com/cloudcat369/video/upload/v1650579270/Unsorted/31566_kq6i4c.mp4
Sheep Horns,31567,costume costume-31567,Middle,Gold,https://res.cloudinary.com/cloudcat369/video/upload/v1650579271/Unsorted/31567_qrd9zg.mp4
Open Air Headset,31569,costume costume-31569,Lower,Blue,https://res.cloudinary.com/cloudcat369/video/upload/v1650579271/Unsorted/31569_znftcg.mp4
Cyclops Visor,31570,costume costume-31570,Middle,,
Guardian Processor,31571,costume costume-31571,Top,,
Mobile Pursuit System,31572,costume costume-31572,Lower,Blue Grey,https://res.cloudinary.com/cloudcat369/video/upload/v1650579271/Unsorted/31572_r98yoo.mp4
Mecha Cat Ears,31573,costume costume-31573,Top,,
Cyber Income,31574,costume costume-31574,Middle,,
Electro Two Sides Up,31575,costume costume-31575,Lower,,
Moon Rabbit Hat,31576,costume costume-no-img,Top,,
Roast Memory Upper,31577,costume costume-31577,Top,,
Alchemist Mask,31578,costume costume-no-img,Middle+Lower,,
I LOVE GAMES,31579,costume costume-no-img,Top,,
Autumn Flavor,31580,costume costume-31580,Middle,Yellow Brown,https://res.cloudinary.com/cloudcat369/video/upload/v1650579271/Unsorted/31580_h1vdpe.mp4
Jack Upper,31581,costume costume-31581,Top,,
Jirant Circlet,31582,costume costume-no-img,Top,,
Will O Wisp Lower,31583,costume costume-31583,Lower,,
Poporing Muffler,31586,costume costume-31586,Lower,,
Snowflake on Head,31588,costume costume-31588,Top,White,https://res.cloudinary.com/cloudcat369/video/upload/v1650579271/Unsorted/31588_wnyaon.mp4
Golden Majestic Goat,31589,costume costume-31589,Top,Gold,https://res.cloudinary.com/cloudcat369/video/upload/v1650579272/Unsorted/31589_tshhb0.mp4
Designers Brush,31590,costume costume-no-img,Lower,,
Yellow Scarf,31593,costume costume-31593,Lower,,
Red Pencil in Mouth,31594,costume costume-31594,Lower,,
Book File Hat,31595,costume costume-31595,Top,,
Spider Seduction,31596,costume costume-31596,Top,,
Golden Fish Hat,31597,costume costume-31597,Top,,
Forest Guide,31598,costume costume-31598,Top,Green,https://res.cloudinary.com/cloudcat369/video/upload/v1650579272/Unsorted/31598_cawqbd.mp4
Medium Wave Hair,31599,costume costume-31599,Lower,Gold,https://res.cloudinary.com/cloudcat369/video/upload/v1650579272/Unsorted/31599_rqol49.mp4
Kishu Inu,31600,costume costume-31600,Middle,White,https://res.cloudinary.com/cloudcat369/video/upload/v1650579272/Unsorted/31600_wy4u0d.mp4
Under Rim Glasses Blue,31601,costume costume-31601,Middle,,
Rune-Midgarts Glory,31602,costume costume-31602,Top,,
Autumn Headband,31606,costume costume-31606,Top,,
Black Witch Hat,31607,costume costume-31607,Top,Brown White,https://res.cloudinary.com/cloudcat369/video/upload/v1650579272/Unsorted/31607_enbnw4.mp4
Magic Stone of Grace,31608,costume costume-31608,Top+Middle+Lower,,
Noble Mask,31609,costume costume-31609,Middle,,
Yellow Wizardry Hat,31610,costume costume-31610,Top,,
Black Snake Scarf,31611,costume costume-31611,Lower,Black,https://res.cloudinary.com/cloudcat369/video/upload/v1650579273/Unsorted/31611_wkfzyd.mp4
Large Sorcerer Crown,31612,costume costume-31612,Top,,
Blue Hair of Strong,31613,costume costume-31613,Top,,
Fox,31614,costume costume-31614,Middle,Yellow White,https://res.cloudinary.com/cloudcat369/video/upload/v1650579273/Unsorted/31614_xevnvj.mp4
Geisha Make Up,31615,costume costume-31615,Middle,,
Sleepy Sheeps,31616,costume costume-31616,Lower,White,https://res.cloudinary.com/cloudcat369/video/upload/v1650579273/Unsorted/31616_rcafir.mp4
Dancing Butterfly,31618,costume costume-31618,Middle,Blue,https://res.cloudinary.com/cloudcat369/video/upload/v1650579273/Unsorted/31618_fyq76s.mp4
Snow Fox,31620,costume costume-31620,Middle,,
Heart Cat,31624,costume costume-31624,Top,Black White,https://res.cloudinary.com/cloudcat369/video/upload/v1650579273/Unsorted/31624_omrmi0.mp4
Dokebi,31628,costume costume-31628,Top,,
Baphomet Balloon,31630,costume costume-no-img,Lower,Blue Yellow,https://res.cloudinary.com/cloudcat369/video/upload/v1650579273/Unsorted/31630_a7pf5b.mp4
Drooping Heinrich,31633,costume costume-31633,Top,Blue,https://res.cloudinary.com/cloudcat369/video/upload/v1650579273/Unsorted/31633_vor962.mp4
Reindeer Hair Band,31634,costume costume-31634,Top,,
Elf Hair(Gold),31635,costume costume-31635,Lower,White,https://res.cloudinary.com/cloudcat369/video/upload/v1650579274/Unsorted/31635_gdkw5s.mp4
Fairy Long Hair (Silver),31636,costume costume-31636,Lower,Blue,https://res.cloudinary.com/cloudcat369/video/upload/v1650579274/Unsorted/31636_y2puqz.mp4
Straight Long Blue,31637,costume costume-31637,Lower,,
Straight Long Red,31638,costume costume-31638,Lower,,
Straight Long Blonde,31639,costume costume-31639,Lower,,
Straight Long Green,31640,costume costume-31640,Lower,,
Straight Long Jet Black,31641,costume costume-31641,Lower,,
Straight Long Light Purple,31642,costume costume-31642,Lower,,
Straight Long Red,31643,costume costume-31643,Lower,Brown,https://res.cloudinary.com/cloudcat369/video/upload/v1650579274/Unsorted/31643_ji8ddg.mp4
Straight Long Purple,31644,costume costume-31644,Lower,,
Side Pony Blue,31645,costume costume-31645,Lower,,
Side Pony Red,31646,costume costume-31646,Lower,,
Side Pony Blonde,31647,costume costume-31647,Lower,,
Side Pony Green,31648,costume costume-31648,Lower,,
Side Pony Black,31649,costume costume-31649,Lower,,
Side Pony White,31650,costume costume-31650,Lower,,
Side Pony Brown,31651,costume costume-31651,Lower,,
Side Pony Purple,31652,costume costume-31652,Lower,,
Chignon Blue,31653,costume costume-31653,Lower,,
Chignon Red,31654,costume costume-31654,Lower,,
Chignon Blonde,31655,costume costume-31655,Lower,,
Chignon Green,31656,costume costume-31656,Lower,,
Chignon Black,31657,costume costume-31657,Lower,,
Chignon White,31658,costume costume-31658,Lower,,
Chignon Brown,31659,costume costume-31659,Lower,,
Chignon Purple,31660,costume costume-31660,Lower,,
Drooping Ernst Von Wolf 11th,31664,costume costume-31664,Top,,
Poring Beret,31667,costume costume-31667,Top,Pink,https://res.cloudinary.com/cloudcat369/video/upload/v1650579274/Unsorted/31667_jfqxgk.mp4
Majorous Horns,31668,costume costume-31668,Top,,
Evolved Whisper Mask Mid,31669,costume costume-31669,Middle,,
Miyabi Long Hair,31670,costume costume-31670,Lower,,
Twin Cannon,31671,costume costume-31671,Lower,Brown,https://res.cloudinary.com/cloudcat369/video/upload/v1650579274/Unsorted/31671_hxexhh.mp4
Mermaid Wig,31672,costume costume-31672,Lower,Yellow Blue,https://res.cloudinary.com/cloudcat369/video/upload/v1650579274/Unsorted/31672_cz7oye.mp4
Picnic Basket,31673,costume costume-31673,Middle,,
Jitterbug Cap,31674,costume costume-31674,Top,,
Orange Hat,31675,costume costume-31675,Top,,
Orange In Mouth,31676,costume costume-31676,Lower,,
Kururinpa Hair,31684,costume costume-31684,Lower,,
Fluffy Semi Long,31685,costume costume-31685,Lower,Pink,https://res.cloudinary.com/cloudcat369/video/upload/v1650579274/Unsorted/31685_gopluj.mp4
Desert Wolf Baby,31686,costume costume-31686,Middle,Brown White,https://res.cloudinary.com/cloudcat369/video/upload/v1650579274/Unsorted/31686_bs4mgf.mp4
Alchemist Bag,31687,costume costume-31687,Middle,,
Poring On Shoulder,31688,costume costume-31688,Middle,,
Flame Bird,31690,costume costume-no-img,Top,,
Dragon Emperor Wings,31692,costume costume-no-img,Middle,,
Stem in Mouth,31695,costume costume-31695,Lower,,
Shark Hat,31696,costume costume-31696,Top,,
Bird Nest,31697,costume costume-31697,Top,,
Red Riding Hood,31698,costume costume-31698,Top,Red Gold,https://res.cloudinary.com/cloudcat369/video/upload/v1650579275/Unsorted/31698_backt9.mp4
Smiling Eyes,31699,costume costume-31699,Middle,,
Moon Cat Hat,31702,costume costume-31702,Top,,
Love Valentines Hat,31703,costume costume-31703,Top,,
Sweet Valentine Out,31704,costume costume-no-img,Top,,
Red Hat,31705,costume costume-no-img,Top,,
Trident Helm,31706,costume costume-no-img,Middle,,
Fox Hair,31707,costume costume-31707,Lower,,
Gothic Skull Ribbon,31708,costume costume-31708,Top,,
Golden Violet,31709,costume costume-31709,Top,,
Lucky Hat,31710,costume costume-31710,Top,,
Jewel Crown,31711,costume costume-31711,Top,,
Oxygen Mask,31712,costume costume-31712,Lower,,
Mystical Fruit Hat,31713,costume costume-31713,Top,,
Indian Headband,31714,costume costume-31714,Top,,
Orange Rabbit,31715,costume costume-31715,Middle,Yellow,https://res.cloudinary.com/cloudcat369/video/upload/v1650579275/Unsorted/31715_z7u9av.mp4
Twinkling Red Eyes,31716,costume costume-31716,Middle,,
Medium Wave Blonde,31717,costume costume-31717,Lower,,
Blessing Sky Lantern Mid,31718,costume costume-31718,Middle,,
Master of Flames,31719,costume costume-31719,Lower,Yellow Orange,https://res.cloudinary.com/cloudcat369/video/upload/v1650579276/Unsorted/31719_eacssg.mp4
Vesper Headgear,31720,costume costume-31720,Top,Grey Blue Yellow,https://res.cloudinary.com/cloudcat369/video/upload/v1650579275/Unsorted/31720_tw6xny.mp4
Ancient Resonace,31721,costume costume-31721,Top,Blue Black,https://res.cloudinary.com/cloudcat369/video/upload/v1650579276/Unsorted/31721_r5pyno.mp4
Rice Ball,31723,costume costume-no-img,Top,,
Bulgogi,31724,costume costume-no-img,Top,,
Miracle Plant,31729,costume costume-31729,Lower,,
Volume Low Twin Sakura,31730,costume costume-31730,Lower,,
Sweets Party,31731,costume costume-31731,Lower,,
Bear Balloon,31732,costume costume-31732,Lower,Brown Pink,https://res.cloudinary.com/cloudcat369/video/upload/v1650579275/Unsorted/31732_ofex4n.mp4
Phantom Masquerade,31733,costume costume-31733,Top,,
Citrus Ribbon,31734,costume costume-31734,Middle,,
Popcorn Wig,31736,costume costume-31736,Top,,
Heart Card in Mouth,31762,costume costume-31762,Lower,,
Fortier Mask,31763,costume costume-no-img,Middle,,
Garnet Tiara,31765,costume costume-31765,Top,,
Peony Hair Ornament,31766,costume costume-31766,Top,,
Orange Bunny Band,31769,costume costume-no-img,Top,,
Violet Bunny Band,31770,costume costume-no-img,Top,,
Blue Bunny Band,31771,costume costume-no-img,Top,,
Silver Bunny Band,31772,costume costume-no-img,Top,,
Doram Baloon,31783,costume costume-no-img,Top,,
Experimental Goat Cap,31784,costume costume-31784,Top,,
Monster Fish Gills,31785,costume costume-31785,Middle,,
Red Baby Dragon Hat,31786,costume costume-31786,Top,,
Savage Bebe On Shoulder,31787,costume costume-31787,Top,,
Piamette Curls Silver,31788,costume costume-31788,Lower,,
Turkey Hat,31789,costume costume-31789,Top,,
Pig Mask,31791,costume costume-no-img,Lower,,
Seraphim Feather,31793,costume costume-31793,Lower,,
Puppy Ears Hat,31794,costume costume-31794,Top,,
Drooping Boto,31796,costume costume-31796,Top,,
Shih Tzu Hair,31797,costume costume-31797,Lower,,
Baby Panda,31798,costume costume-31798,Middle,,
Pretty White Bear,31799,costume costume-31799,Top,,
Brazil Twin Ribbon,31800,costume costume-31800,Top,,
Karada Meguri Tea Hat,31801,costume costume-31801,Top,,
Black Tea Kochakaden Hat,31802,costume costume-31802,Top,,
Cons of Wind,31803,costume costume-31803,Lower,,
Sunnies Baseball Hat,31805,costume costume-31805,Middle,,
Lunatic On Shoulder,31813,costume costume-31813,Middle,,
Lunatic Family Balloon,31814,costume costume-31814,Middle,,
Angola Intention,31815,costume costume-31815,Top,,
Rabbit Humping Cloth,31816,costume costume-31816,Lower,Blue White,https://res.cloudinary.com/cloudcat369/video/upload/v1650579276/Unsorted/31816_tixuzq.mp4
Rabbit Two Side Up,31817,costume costume-31817,Lower,,
Dullahan Mask,31819,costume costume-31819,Lower,,
Nose Glasses,31823,costume costume-no-img,Middle,,
Mask of Cat,31824,costume costume-31824,Middle,White,https://res.cloudinary.com/cloudcat369/video/upload/v1650579276/Unsorted/31824_tqihsd.mp4
Sunglass Bear Cap,31826,costume costume-no-img,Top,,
Durumagi,31827,costume costume-31827,Lower,,
Disguise Mantle,31831,costume costume-31831,Lower,,
Bicolor Cat Witch Hat,31832,costume costume-31832,Top,,
Halloween Short Haired Cat Ears,31833,costume costume-31833,Lower,,
Halloween Long Haired Cat Ears,31834,costume costume-31834,Lower,,
DJ Headset,31840,costume costume-31840,Top,,
OnAir DJ Headset,31841,costume costume-31841,Top,,
Heavenly Order,31843,costume costume-31843,Middle,,
Lovely Ribbon Hair,31846,costume costume-31846,Lower,,
Blinking Blue Eyes,31847,costume costume-31847,Middle,,
Gothic Rose Bonnet,31848,costume costume-31848,Top,,
Runaway Accelerator,31849,costume costume-31849,Top,,
Faithful Coffin,31850,costume costume-31850,Top,,
Phalanx,31851,costume costume-31851,Middle,,
Zombie Mask,31853,costume costume-31853,Middle,,
Magic Helm,31884,costume costume-31884,Top,,
Cons of Earth,31885,costume costume-31885,Lower,,
Blanc Neige Prince,31905,costume costume-31905,Lower,,
Cats Paw Knit Hat,31906,costume costume-31906,Top,,
Cats Paw Knit Hat (Brown);,31907,costume costume-31907,Top,,
Black Veil,31912,costume costume-31912,Top,,
Sweet Corone,31915,costume costume-31915,Lower,,
Bow Tie,31916,costume costume-31916,Lower,,
Pencil in Mouth (Blue);,31927,costume costume-31927,Lower,,
Blinking Sakura Eyes,31934,costume costume-31934,Middle,Pink,https://res.cloudinary.com/cloudcat369/video/upload/v1650579276/Unsorted/31934_mwzyfm.mp4
Honey Donuts,31936,costume costume-31936,Lower,,
Unicorn Ornament,31937,costume costume-31937,Top,Purple Blue,https://res.cloudinary.com/cloudcat369/video/upload/v1650579276/Unsorted/31937_hwkkrf.mp4
Sinister Horn Gear,31947,costume costume-31947,Middle,,
Nether World,31952,costume costume-no-img,Top,,
Cons Of Poison,31957,costume costume-no-img,Lower,,
Wavy Perm Hair (Black);,31959,costume costume-31959,Lower,,
Wavy Perm Hair (Blue);,31960,costume costume-31960,Lower,,
Wavy Perm Hair (Green);,31961,costume costume-31961,Lower,,
Wavy Perm Hair (Brown);,31962,costume costume-31962,Lower,,
Wavy Perm Hair (Pink);,31963,costume costume-31963,Lower,,
Wavy Perm Hair (Purple);,31964,costume costume-31964,Lower,,
Wavy Perm Hair (Red);,31965,costume costume-31965,Lower,,
Wavy Perm Hair (White);,31966,costume costume-31966,Lower,,
Wavy Perm Hair (Yellow);,31967,costume costume-31967,Lower,,
Blossom Glasses,31973,costume costume-31973,Middle,,
Melon Headphone,31974,costume costume-31974,Middle,,
Floating Yin-Yang,42000,costume costume-no-img,Middle,Blue Black White,https://res.cloudinary.com/cloudcat369/video/upload/v1650579278/Unsorted/42000_gsaodn.mp4
Protection Cloth,42001,costume costume-no-img,Middle,White Blue,https://res.cloudinary.com/cloudcat369/video/upload/v1650579278/Unsorted/42001_jnq6gi.mp4
Cyber Cat Ear HeadphoneRed),42002,costume costume-no-img,Top,,
Shiba Inu,42003,costume costume-no-img,Middle,Yellow White,https://res.cloudinary.com/cloudcat369/video/upload/v1650579277/Unsorted/42003_d859su.mp4
Cat in Mouth,42004,costume costume-no-img,Lower,Black White,https://res.cloudinary.com/cloudcat369/video/upload/v1650579277/Unsorted/42004_skgabc.mp4
Wild Cat Knit Cap,42005,costume costume-no-img,Top,Brown,https://res.cloudinary.com/cloudcat369/video/upload/v1650579277/Unsorted/42005_mour18.mp4
Zilant Necklace,42006,costume costume-no-img,Lower,Black Blue,https://res.cloudinary.com/cloudcat369/video/upload/v1650579279/Unsorted/42006_ybi8jl.mp4
Little Garden,42007,costume costume-no-img,Middle,Red Green Blue,https://res.cloudinary.com/cloudcat369/video/upload/v1650579278/Unsorted/42007_engjsx.mp4
Royal Mantle,42008,costume costume-no-img,Lower,Blue Gold,https://res.cloudinary.com/cloudcat369/video/upload/v1650579278/Unsorted/42008_kpps7s.mp4
Mob Scarf,42009,costume costume-no-img,Lower,Black,https://res.cloudinary.com/cloudcat369/video/upload/v1650579279/Unsorted/42009_lghhwj.mp4
Universe,42010,costume costume-no-img,Lower,Yellow Red,https://res.cloudinary.com/cloudcat369/video/upload/v1650579279/Unsorted/42010_ryxnk2.mp4
Beachball,400020,costume costume-400020,Top,Rainbow,https://res.cloudinary.com/cloudcat369/video/upload/v1650579277/Unsorted/400020_wyajnh.mp4
VIP Hair Male,400056,costume costume-400056,Lower,,
VIP Hair Male,400057,costume costume-400057,Lower,,
Romantic Rose,400073,costume costume-400073,Top,,
Lost Time,400074,costume costume-400074,Top,,
20th Anniversary Balloon,400076,costume costume-400076,Lower,Purple,https://res.cloudinary.com/cloudcat369/video/upload/v1650579278/Unsorted/400076_jpql9i.mp4
Rag Origin Hat,400115,costume costume-400115,Top,,
Black Dragon Style,400148,costume costume-400148,Lower,,
Black Thunder,400149,costume costume-400149,Middle,,
Astrologer Triangle Hat,400157,costume costume-no-img,Top,,
Demon Crown,400158,costume costume-400158,Top,,
Whale Cap,400163,costume costume-400163,Top,,
Ragnarok Festival Band,400188,costume costume-400188,Top,,
Sweet Chef Hat,400197,costume costume-400197,Top,,
Faith of Yggdrasil,400214,costume costume-no-img,Top,,
Fluffy Rabbit Cape,400225,costume costume-400225,Top,,
Magical Heir,410005,costume costume-410005,Top,,
Wonder Egg Basket,410029,costume costume-410029,Middle,,
Tiger,410048,costume costume-410048,Middle,,
Blinking Golden Eyes,410049,costume costume-410049,Middle,,
Falling Snow,410051,costume costume-410051,Middle,,
Long Ribbon,410054,costume costume-410054,Middle,,
Floating Parasol,410055,costume costume-410055,Middle,,
Poulet,410056,costume costume-410056,Middle,,
Deviruchi Apron,410061,costume costume-410061,Middle,,
Carefree Face,410062,costume costume-410062,Middle,,
Fish Marche,410068,costume costume-410068,Middle,,
Scuba Mask,410083,costume costume-410083,Middle,,
Robotics Watcher,410087,costume costume-410087,Middle,,
White Cat on Shoulder,410095,costume costume-410095,Middle,,
Avenger,410099,costume costume-410099,Top,,
Silk of Soul,410103,costume costume-410103,Middle,,
Bear Head,410123,costume costume-no-img,Middle,,
Cons Of Darkness,420010,costume costume-420010,Lower,,
Camellia Demon Ribbon,420015,costume costume-420015,Top,,
Flying Katashiro,420016,costume costume-420016,Middle,,
One Eyed,420025,costume costume-420025,Lower,,
Fishbone Hair,420027,costume costume-420027,Lower,,
Imperial Glory,420029,costume costume-420029,Lower,,
Airy Two Side Up (White),420033,costume costume-420033,Lower,,
Knight Cloak,420047,costume costume-420047,Lower,,
Smokie Muffler,420054,costume costume-420054,Lower,,
Pyonpyon Twin Ossae,420067,costume costume-420067,Lower,,
Lord of Royals,420069,costume costume-no-img,Lower,,
Feather Stola,420071,costume costume-420071,Lower,,
Knitting Low Twin (White),420072,costume costume-420072,Lower,,
Cat Footprints,420077,costume costume-no-img,Lower,,
Ghost Bat,420078,costume costume-no-img,Lower,,
Inner Collar Long,420079,costume costume-420079,Lower,,
Shura Wild Long,420104,costume costume-420104,Lower,,
Shark Head,440000,costume costume-440000,Top+Lower,,
Happy Cat,440002,costume costume-440002,Top+Middle+Lower,,
EXE Backpack,20513,costume costume-20513,Garment,Orange Brown,https://res.cloudinary.com/cloudcat369/video/upload/v1654397982/Garments/20513_x4ot0m.mp4
Magic Circle,20515,costume costume-20515,Garment,Purple,https://res.cloudinary.com/cloudcat369/video/upload/v1654397982/Garments/20515_ksl3po.mp4
Blooming Cherry Tree,20519,costume costume-20519,Garment,Pink,https://res.cloudinary.com/cloudcat369/video/upload/v1654397983/Garments/20519_lrzuuk.mp4
Spiritual Blessings,20522,costume costume-20522,Garment,White,https://res.cloudinary.com/cloudcat369/video/upload/v1654397983/Garments/20522_dujzoe.mp4
Digital Space,20535,costume costume-20535,Garment,Blue,https://res.cloudinary.com/cloudcat369/video/upload/v1654397983/Garments/20535_o8jnhz.mp4
Maple Falls (Red),20537,costume costume-20537,Garment,Red,https://res.cloudinary.com/cloudcat369/video/upload/v1654397983/Garments/20537_wwmdln.mp4
Rainbow Magic Circle,20538,costume costume-20538,Garment,Rainbow,https://res.cloudinary.com/cloudcat369/video/upload/v1654397977/Garments/20538_pbwbuo.mp4
Backside Ribbon Bell,20546,costume costume-20546,Garment,Red Gold,https://res.cloudinary.com/cloudcat369/video/upload/v1654397977/Garments/20546_m5aqxp.mp4
Whisper Blessing,20547,costume costume-20547,Garment,White,https://res.cloudinary.com/cloudcat369/video/upload/v1654397977/Garments/20547_h7beyo.mp4
Poring Aura,20548,costume costume-20548,Garment,Pink,https://res.cloudinary.com/cloudcat369/video/upload/v1654397977/Garments/20548_zuq80i.mp4
Heart Chocolate Bag,20570,costume costume-20570,Garment,Red Brown,https://res.cloudinary.com/cloudcat369/video/upload/v1654397977/Garments/20570_hqljm2.mp4
Valkyrie Wings,20571,costume costume-20571,Garment,White,https://res.cloudinary.com/cloudcat369/video/upload/v1654397977/Garments/20571_rkhzpb.mp4
Wings of Love,20572,costume costume-20572,Garment,White Gold Red,https://res.cloudinary.com/cloudcat369/video/upload/v1654397977/Garments/20572_aofthe.mp4
Backpack (Red),20574,costume costume-20574,Garment,Red,https://res.cloudinary.com/cloudcat369/video/upload/v1654397978/Garments/20574_aacef2.mp4
Backpack (Black),20575,costume costume-20575,Garment,Black,https://res.cloudinary.com/cloudcat369/video/upload/v1654397978/Garments/20575_i94jp6.mp4
Teddy Bear Backpack,20582,costume costume-20582,Garment,Brown,https://res.cloudinary.com/cloudcat369/video/upload/v1654397978/Garments/20582_ztcwqm.mp4
Fox Tail,20584,costume costume-20584,Garment,Green Gold,https://res.cloudinary.com/cloudcat369/video/upload/v1654397978/Garments/20584_ajnmth.mp4
Big Ribbon Cloak,20594,costume costume-20594,Garment,Pink,https://res.cloudinary.com/cloudcat369/video/upload/v1654397978/Garments/20594_ubkcue.mp4
Evil Scythe,20597,costume costume-20597,Garment,Brown Red,https://res.cloudinary.com/cloudcat369/video/upload/v1654397978/Garments/20597_h5dlyl.mp4
Sakura Wings,20599,costume costume-20599,Garment,Pink Blue,https://res.cloudinary.com/cloudcat369/video/upload/v1654397978/Garments/20599_grdt50.mp4
Papilio Ulysses Feather,20603,costume costume-20603,Garment,Yellow Blue,https://res.cloudinary.com/cloudcat369/video/upload/v1654397979/Garments/20603_idf7r3.mp4
Leaf Umbrella,20605,costume costume-20605,Garment,Green,https://res.cloudinary.com/cloudcat369/video/upload/v1654397978/Garments/20605_ycatix.mp4
Spider Wings,20613,costume costume-20613,Garment,Green Gold,https://res.cloudinary.com/cloudcat369/video/upload/v1654397978/Garments/20613_qzctze.mp4
Kiel Hyre's Darkness,20614,costume costume-no-img,Garment,Black,
Amistr Bag,20763,costume costume-20763,Garment,White Brown,https://res.cloudinary.com/cloudcat369/video/upload/v1654397979/Garments/20763_kokany.mp4
Mechanical Butterfly,20988,costume costume-20988,Garment,Gold,https://res.cloudinary.com/cloudcat369/video/upload/v1654397979/Garments/20988_scmwxt.mp4
Rotating Gears,20990,costume costume-20990,Garment,Gold,https://res.cloudinary.com/cloudcat369/video/upload/v1654397979/Garments/20990_iolhfc.mp4
Hidden Garment,50924,costume costume-no-img,Garment,,https://res.cloudinary.com/cloudcat369/video/upload/v1654397979/Garments/50924_nme3ys.mp4
Ginormous Cat,50925,costume costume-50925,Garment,White,https://res.cloudinary.com/cloudcat369/video/upload/v1654397979/Garments/50925_edpjc4.mp4
Arch Angel Wings,50926,costume costume-50926,Garment,White,https://res.cloudinary.com/cloudcat369/video/upload/v1654397979/Garments/50926_boyjun.mp4
Adventurer Backpack,50927,costume costume-no-img,Garment,Gold,https://res.cloudinary.com/cloudcat369/video/upload/v1654397979/Garments/50927_exo3mo.mp4
Fallen Angel Wings,50928,costume costume-50928,Garment,Purple,https://res.cloudinary.com/cloudcat369/video/upload/v1654397980/Garments/50928_u1iwur.mp4
Golden Angel Wings,50929,costume costume-50929,Garment,Gold,https://res.cloudinary.com/cloudcat369/video/upload/v1654397980/Garments/50929_y5a73n.mp4
Kirin Wings,50930,costume costume-50930,Garment,Purple Pink,https://res.cloudinary.com/cloudcat369/video/upload/v1654397980/Garments/50930_emce1f.mp4
Rudra Wings,50931,costume costume-50931,Garment,Pink,https://res.cloudinary.com/cloudcat369/video/upload/v1654397980/Garments/50931_lmdn6v.mp4
Happiness Wings,50932,costume costume-50932,Garment,White Green Orange,https://res.cloudinary.com/cloudcat369/video/upload/v1654397980/Garments/50932_altull.mp4
Great Devil Wings,50933,costume costume-50933,Garment,Purple Brown,https://res.cloudinary.com/cloudcat369/video/upload/v1654397980/Garments/50933_g7y32y.mp4
Bag of Antonio,50934,costume costume-50934,Garment,Red,https://res.cloudinary.com/cloudcat369/video/upload/v1654397980/Garments/50934_xsbsst.mp4
Pink Cupid Wings,50935,costume costume-50935,Garment,Pink,https://res.cloudinary.com/cloudcat369/video/upload/v1654397980/Garments/50935_zeyt0n.mp4
Poring Bag,50936,costume costume-50936,Garment,Pink,https://res.cloudinary.com/cloudcat369/video/upload/v1654397980/Garments/50936_atrec1.mp4
Wings of Uriel,50937,costume costume-50937,Garment,White Pink,https://res.cloudinary.com/cloudcat369/video/upload/v1654397981/Garments/50937_jfj4dv.mp4
Sword Wings,50938,costume costume-50938,Garment,Silver,https://res.cloudinary.com/cloudcat369/video/upload/v1654397981/Garments/50938_gg7p19.mp4
Fairy Wings,50939,costume costume-50939,Garment,Blue,https://res.cloudinary.com/cloudcat369/video/upload/v1654397981/Garments/50939_v2vawo.mp4
Thanatos Sword,50940,costume costume-50940,Garment,Black,https://res.cloudinary.com/cloudcat369/video/upload/v1654397981/Garments/50940_egbtf3.mp4
Wings of Michael,50941,costume costume-50941,Garment,White,https://res.cloudinary.com/cloudcat369/video/upload/v1654397981/Garments/50941_luatwb.mp4
Evil Druid Cross,50944,costume costume-50944,Garment,Black Gold,https://res.cloudinary.com/cloudcat369/video/upload/v1654397981/Garments/50944_zflrrv.mp4
Gimmick One Feather,50945,costume costume-50945,Garment,White Yellow,https://res.cloudinary.com/cloudcat369/video/upload/v1654397981/Garments/50945_rhiiqd.mp4
Ice Wings,50946,costume costume-50946,Garment,Blue Gold,https://res.cloudinary.com/cloudcat369/video/upload/v1654397982/Garments/50946_ujbxs0.mp4
Sudden Wealth,410006,costume costume-410006,Garment,Gold,https://res.cloudinary.com/cloudcat369/video/upload/v1654397982/Garments/410006_nt6vjp.mp4
Heavenly Fallen Angel Wings,480056,costume costume-480056,Garment,Purple,https://res.cloudinary.com/cloudcat369/video/upload/v1654397982/Garments/480056_llbxp2.mp4
Heavenly Golden Angel Wings,480058,costume costume-480058,Garment,Gold,https://res.cloudinary.com/cloudcat369/video/upload/v1654397982/Garments/480058_kqmdvv.mp4
Heavenly Angel Wings,480069,costume costume-480069,Garment,White,https://res.cloudinary.com/cloudcat369/video/upload/v1654397982/Garments/480069_uazuhs.mp4
Calabash,480071,costume costume-480071,Garment,Brown Blue,https://res.cloudinary.com/cloudcat369/video/upload/v1654397982/Garments/480071_l4yaxm.mp4
Giant White Rabbit,480095,costume costume-480095,Garment,White,https://res.cloudinary.com/cloudcat369/video/upload/v1654397982/Garments/480095_akffxr.mp4
Snow Powder,480097,costume costume-480097,Garment,Blue,https://res.cloudinary.com/cloudcat369/video/upload/v1654397982/Garments/480097_g6rfpr.mp4
Released Ground,480098,costume costume-no-img,Garment,White Brown,https://res.cloudinary.com/cloudcat369/video/upload/v1654397982/Garments/480098_g3cfxq.mp4
Kings Twin Sword,480107,costume costume-480107,Garment,,
Adventurer Cat Bag,480110,costume costume-480110,Garment,Gold Green,https://res.cloudinary.com/cloudcat369/video/upload/v1654397982/Garments/480110_ynjryr.mp4
Dyehyon Sword,480118,costume costume-480118,Garment,,
Samba Carnival,480122,costume costume-480122,Garment,,
Giant Shark,480126,costume costume-480126,Garment,,
Triple Ice Cream,480129,costume costume-480129,Garment,,
Swirling Flame,480131,costume costume-480131,Garment,Orange Red,